Formation,Age (mya),Age (gya),Lithology,d13C carb,# samples,Abbreviated reference,Full reference source
Mushandike,3600,3.600,lime,0.6,9,abell85,SV2002
Coonterunah ,3520,3.520,carb,-2.908518519,27,Harnmeijer thesis (2009),RefList
Komati,3475,3.475,lime,-3.2,1,veizer89b,SV2002
Komati,3475,3.475,lime,-1.3,5,schid75,SV2002
Komati (Kromberg Frm?),3475,3.475,lime,0.5,22,veizer89a+b,SV2002
McPhee,3475,3.475,ank,-3.97,4,veizer89a,SV2002
McPhee,3475,3.475,lime,-0.75,2,veizer89a,SV2002
McPhee,3475,3.475,dol,-3.8,1,veizer89a,SV2002
Towers,3475,3.475,chert,0.6,2,schid83,SV2002
Hooggenoeg,3450,3.450,lime,1.07,3,veizer89b,SV2002
Hooggenoeg,3450,3.450,ank,1.65,2,veizer89b,SV2002
Hooggenoeg,3450,3.450,carb,-0.2,1,schid83,SV2002
Onverwacht,3450,3.450,carb,-1.8,1,schid75,SV2002
Kromberg,3425,3.425,ank,0.17,3,veizer89b,SV2002
Kromberg,3425,3.425,lime,-0.6,3,veizer89b,SV2002
Kromberg,3425,3.425,lime,1.6,1,veizer89a,SV2002
Kromberg,3425,3.425,dol,-1.3,4,veizer89a,SV2002
Kromberg,3425,3.425,ank,0.9,11,veizer89a,SV2002
Kromberg,3425,3.425,carb,0.9,1,schid83,SV2002
Sebakwian,3300,3.300,lime,0.9,1,eichman75,SV2002
"Sebakwian, Gwanda & Que Que",3300,3.300,carb,-2.5,3,schid75,SV2002
Fig Tree,3250,3.250,ank,1.08,10,veizer89a,SV2002
Fig Tree,3250,3.250,chert,1.5,1,schid75,SV2002
Fig Tree,3250,3.250,dol,0.3,1,schid75,SV2002
Moodies,3200,3.200,dol,-3.4,1,schid75,SV2002
Sargur,3200,3.200,lime,-1.05,4,kumar83,SV2002
"Sargur, Chitradurga",3200,3.200,ank,-0.27,3,veizer89b,SV2002
"Sargur, Chitradurga",3200,3.200,lime,-0.21,5,veizer89b,SV2002
Insuzi,3100,3.100,lime,-1.94,7,veizer90,SV2002
Insuzi,3100,3.100,dol,2.14,16,veizer90,SV2002
Insuzi,3100,3.100,ank,0.6,3,veizer90,SV2002
Insuzi,3100,3.100,carb,1.4,9,schid83,SV2002
Ramagiri,3100,3.100,marble,-0.9,1,zachariah98,SV2002
Pongola,2900,2.900,shale,1.68,5,Eglington et al. (2003),RefList
Pongola,2900,2.900,shale,0.1,4,Perry and Tan (1972),RefList
"Uchi, Woman Lake",2850,2.850,lime,0.63,18,veizer89b,SV2002
"Javanahalli, Sira",2750,2.750,lime,-0.55,2,kumar83,SV2002
"Michipicoten, Algoma",2725,2.725,lime,2.55,21,veizer89b,SV2002
"Michipicoten, Algoma",2725,2.725,carb,0.59,15,veizer89b,SV2002
Steep Rock,2725,2.725,lime,2,2,veizer76,SV2002
"Steep Rock, Rainy River",2725,2.725,lime,1.94,42,veizer89b,SV2002
"Steep Rock, Rainy River",2725,2.725,dol,1.15,5,veizer89b,SV2002
"Steep Rock, Rainy River",2725,2.725,ank,2.9,1,veizer89b,SV2002
"Steep Rock, Rainy River",2725,2.725,carb,1.5,3,schid83,SV2002
"Steep Rock, Steep Rock",2725,2.725,lime,-3.15,2,veizer89a,SV2002
"Steep Rock, Steep Rock",2725,2.725,ank,-1.65,4,veizer89a,SV2002
Yellowknife,2725,2.725,lime,-3.52,6,veizer89a,SV2002
Yellowknife,2725,2.725,ank,-1.6,4,veizer89a,SV2002
Yellowknife,2725,2.725,carb,1.8,1,schid83,SV2002
Manjeri,2700,2.700,chert,-6.7,3,schid83,SV2002
Manjeri,2700,2.700,lime,-0.04,13,abell85a,SV2002
Pillingini,2700,2.700,chert,-1.6,1,veizer76,SV2002
"Abitibi, Larder Lake",2675,2.675,lime,-0.2,3,veizer89b,SV2002
"Abitibi, Larder Lake",2675,2.675,lime,-1.09,17,veizer89a,SV2002
"Abitibi, Larder Lake",2675,2.675,dol,-3.86,31,veizer89a,SV2002
"Abitibi, Larder Lake",2675,2.675,carb,-4.79,18,veizer89a,SV2002
Bothaville,2675,2.675,lime,-2.1,12,veizer90,SV2002
"Yellowknife, Coronation Gulf",2675,2.675,lime,-6.77,6,veizer89b,SV2002
"Yellowknife, Coronation Gulf",2675,2.675,dol,-0.93,3,veizer89b,SV2002
Boomplaas,2660,2.660,carb,-0.559042693,29,Fischer et al. (2009),RefList
Bulawayan,2650,2.650,lime,0.35,15,veizer89b,SV2002
Bulawayan,2650,2.650,ank,2.5,1,veizer89b,SV2002
Bulawayan,2650,2.650,chert,0.2,5,schid83,SV2002
Bulawayan,2650,2.650,carb,-0.4,30,schid75,SV2002
Bulawayan,2650,2.650,lime,0.4,1,hoering62,SV2002
Bulawayan,2650,2.650,carb,-0.2,9,eichman75,SV2002
"Bulawayan, Bulawayo",2650,2.650,lime,1.3,2,veizer76,SV2002
Klippan,2650,2.650,lime,-3.86,7,veizer90,SV2002
Lokammona,2649.407895,2.649,carb,-0.938875,8,Fischer et al. (2009),RefList
Carawine,2630,2.630,dolomite,-0.284615385,13,Eigenbrode & Freeman (2006) PNAS,RefList
"Shamvian, Gatooma",2625,2.625,carb,2.3,2,schid75,SV2002
Monteville,2622.5,2.623,carb,0.015446887,26,Fischer et al. (2009),RefList
Cheshire,2600,2.600,lime,-0.11,120,abell85a,SV2002
Lower Nauga,2592.833333,2.593,carb,-0.451391991,44,Fischer et al. (2009),RefList
Carawine,2575,2.575,lime,-3.6,1,veizer90,SV2002
Carawine,2575,2.575,dol,0.17,30,veizer90,SV2002
Carawine,2575,2.575,carb,0.2,1,schid83,SV2002
Carawine,2575,2.575,carb,0.7,62,lindsay02,RefList
Carawine,2575,2.575,carb,0.1,20,lindsay02,RefList
Mid Nauga,2574.714751,2.575,carb,-0.298011161,64,Fischer et al. (2009),RefList
Wittenoom,2565,2.565,dolomite,-0.575,4,Eigenbrode & Freeman (2006) PNAS,RefList
Upper Nauga,2552.501653,2.553,carb,-0.814965961,54,Fischer et al. (2009),RefList
Malmani,2550,2.550,carb,0.8,13,schid83,SV2002
Transvaal,2550,2.550,dol,-1.4,1,schid83,SV2002
Transvaal,2550,2.550,carb,1.9,1,hoering62,SV2002
Transvaal,2550,2.550,carb,-0.5,13,eichman75,SV2002
"Transvaal, Dolomite series",2550,2.550,lime,-1.08,12,schid75,SV2002
"Transvaal, Dolomite series",2550,2.550,carb,-0.89,63,schid75,SV2002
Wittenoom,2550,2.550,dol,0.41,41,veizer90,SV2002
Wittenoom,2550,2.550,carb,-0.1,3,veizer76,SV2002
Wittenoom,2550,2.550,dol,0.2,4,schid83,SV2002
Wittenoom,2550,2.550,carb,0,55,lindsay02,RefList
Wittenoom,2550,2.550,carb,0.2,28,lindsay02,RefList
Wittenoom,2550,2.550,carb,0,53,lindsay02,RefList
Wittenoom,2550,2.550,lime,-2.46,16,becker72,SV2002
Wittenoom,2550,2.550,dol,-1.72,5,becker72,SV2002
Wittenoom,2550,2.550,dol,0.5,3,baur85,SV2002
"Malmani, Espanola",2525,2.525,lime,-2.2,1,veizer92a,SV2002
"Malmani, Espanola",2525,2.525,dol,-0.34,87,veizer92a,SV2002
"Malmani, Espanola",2525,2.525,lime,-3.4,1,schid75,SV2002
"Chitradurga, Huliar",2500,2.500,lime,-0.15,14,kumar83,SV2002
Mt McRae Shale,2500,2.500,carb,-6.35,67,Kaufman et al. (2007) Science,RefList
Tongwane,2475,2.475,dol,2.82,5,bekker01,SV2002
"Dashiling, Nandaxian",2450,2.45,dol,1.88,110,zhong97,SV2002
Duitschland,2450,2.45,carb,6.43,33,buick98,SV2002
Duitschland,2450,2.45,dol,4.58,17,bekker01,SV2002
Duitschland,2450,2.45,lime,1.19,14,bekker01,SV2002
"Gandarela Formation, Minas Gerais",2420,2.42,carb,-0.71744186,86,Maheshwari et al. (2010),RefList
Duitschland Fm.,2416,2.416,shale,3.279545455,22,Guo et al. (2009),RefList
Koegas Fm.,2416,2.416,shale,-8.466666667,3,Guo et al. (2009),RefList
Tongwane Fm.,2416,2.416,carbonate,-0.8,1,Guo et al. (2009),RefList
Hotazel,2400,2.4,lime,-9.3,2,pprg92,SV2002
Hotazel,2400,2.4,dol,-11.3,1,pprg92,SV2002
Kazput,2400,2.4,carb,-2.4,23,lindsay02,RefList
Meteorite Bore,2400,2.4,carb,-0.5,2,lindsay02,RefList
Mooidraai,2400,2.4,dol,0.58,10,bau99,SV2002
"Cercadinho Formation, Minas Gerais",2350,2.35,quartzite,3.627142857,14,Maheshwari et al. (2010),RefList
Lomagundi,2350,2.35,carb,7.1,14,schid75,SV2002
"Mcheka, Lomagundi",2350,2.35,dol,8.5,58,schid76a,SV2002
"Nyagari, Lomagundi",2350,2.35,dol,5.9,8,schid76a,SV2002
Timeball Hill,2325,2.325,dol,0.4,1,eichman75,SV2002
Caue Itabirito,2300,2.3,dol,-1.1,3,schid76b,SV2002
Jhamarkotra,2250,2.25,dol,9.04,21,maheshwari99,SV2002
"Transvaal, Pretoria series",2250,2.25,lime,1.5,1,schid75,SV2002
"Transvaal, Pretoria series",2250,2.25,dol,0.4,1,schid75,SV2002
Mooidraai Fm.,2236,2.236,carb,-0.38,5,Guo et al. (2009),RefList
Sompujarvi,2225,2.225,dol,8.6,1,karhu93,SV2002
Beidaxing,2200,2.2,dol,-0.24,94,zhong97,SV2002
Daguandong,2200,2.2,dol,0.02,110,zhong97,SV2002
"Dolomite Fm, Kuusamo",2200,2.2,dol,9.93,6,karhu93,SV2002
"Dolomite Fm, Kuusamo",2200,2.2,lime,15.1,1,karhu93,SV2002
Gandarella,2200,2.2,dol,-0.8,6,schid76b,SV2002
Hebiancun,2200,2.2,dol,0.31,43,zhong97,SV2002
Huaiyincun,2200,2.2,dol,-2.52,59,zhong97,SV2002
Jianancun,2200,2.2,dol,-0.84,33,zhong97,SV2002
Mid-Lapponian,2200,2.2,dol,5.88,4,karhu93,SV2002
Mid-Lapponian,2200,2.2,lime,1.4,1,karhu93,SV2002
Mid-Lapponian,2200,2.2,dol,6.96,2,karhu93,SV2002
Wenshan,2200,2.2,dol,0.83,25,zhong97,SV2002
Wooly,2200,2.2,carb,-0.9,16,lindsay02,RefList
Kivalo,2175,2.175,dol,8.26,7,karhu93,SV2002
Misi,2175,2.175,lime,12,2,karhu93,SV2002
Misi,2175,2.175,dol,12.69,5,karhu93,SV2002
"Oklo, FA",2150,2.15,lime,-2.8,1,gauthier89,SV2002
"Oklo, FA",2150,2.15,dol,2.25,2,gauthier89,SV2002
"Oklo, FB",2150,2.15,dol,3.5,1,gauthier89,SV2002
"Oklo, FB-C",2150,2.15,dol,4.53,3,gauthier89,SV2002
Silverton,2150,2.15,shale,9.6,5,Guo et al. (2009),RefList
Silverton,2150,2.15,carb,8.56,38,buick98,SV2002
Silverton,2150,2.15,lime,8.4,1,buick98,SV2002
Silverton,2150,2.15,dolomite,9.55,6,Bekker et al. (2008) EPSL,RefList
Silverton,2150,2.15,limestone,9.708333333,12,Bekker et al. (2008) EPSL,RefList
Silverton,2150,2.15,marl,9.61,10,Bekker et al. (2008) EPSL,RefList
Lucknow,2125,2.125,dol,10.3,2,bekker01,SV2002
"Fecho do Funil Formation, Minas Gerais",2110,2.11,metapelite,6.106,65,Maheshwari et al. (2010),RefList
" Paso Severino Fm, San José greenstone Belt",2110,2.11,carb,3.558064516,31,Maheshwari et al. (2010),RefList
Albanel (lower),2100,2.1,dol,6.4,2,schid83,SV2002
Kasegalik,2100,2.1,chert,-0.6,1,schid83,SV2002
Loch Maree,2100,2.1,lime,5.57,19,baker89a,SV2002
Lofoten-Vesteralen,2100,2.1,lime,3.75,68,baker89b,SV2002
"Lower Albanel, lower banded dolostone unit",2100,2.1,dol,0.88,18,mirota94,SV2002
"Lower Albanel, lower banded dolostone unit",2100,2.1,lime,0.79,17,mirota94,SV2002
"Lower Albanel, lower black shale unit",2100,2.1,dol,-1.49,14,mirota94,SV2002
"Lower Albanel, strat. dolostone & shale unit",2100,2.1,dol,0.68,8,mirota94,SV2002
"Lower Albanel, upper banded dolostone unit",2100,2.1,dol,2.78,23,mirota94,SV2002
"Lower Albanel, upper banded dolostone unit",2100,2.1,lime,1.98,6,mirota94,SV2002
"Lower Albanel, upper black shale unit",2100,2.1,dol,-1.64,10,mirota94,SV2002
Luidikovian,2100,2.1,lime,3.5,1,tikhomirova93,SV2002
Luidikovian,2100,2.1,dol,-6.86,5,tikhomirova93,SV2002
Manitounuk,2100,2.1,dol,-1.6,2,schid75,SV2002
Manitounuk,2100,2.1,dol,-2.2,1,eichman75,SV2002
McLeary,2100,2.1,chert,-0.4,1,schid83,SV2002
Mistassini,2100,2.1,lime,2.8,2,mirota94,SV2002
"Sattasvaara, Upper Lapponian",2100,2.1,lime,3.2,1,karhu93,SV2002
"Sattasvaara, Upper Lapponian",2100,2.1,dol,6.2,1,karhu93,SV2002
"Sericite Schist Fm, Kuusamo",2100,2.1,lime,8.2,2,karhu93,SV2002
"Siltstone Fm, Kuusamo",2100,2.1,dol,12.1,1,karhu93,SV2002
Svecofennian,2100,2.1,carb,0.5,2,schid75,SV2002
Urungwe Klippe,2100,2.1,lime,-3.97,9,schid76a,SV2002
Urungwe Klippe,2100,2.1,dol,-0.38,4,schid76a,SV2002
"Jatulian, Tulomozero",2075,2.075,dol,8.85,6,karhu93,SV2002
"Limestone-Dolomite Fm, Kuusamo",2075,2.075,lime,3.25,2,karhu93,SV2002
"Limestone-Dolomite Fm, Kuusamo",2075,2.075,dol,3.98,7,karhu93,SV2002
Tulomozerskaya,2075,2.075,lime,-1.99,7,yudovitch90,SV2002
Tulomozerskaya,2075,2.075,dol,3.1,18,yudovitch90,SV2002
Tulomozerskaya,2075,2.075,lime,10.87,3,melezhik99,SV2002
Tulomozerskaya,2075,2.075,dol,8.88,47,melezhik99,SV2002
Tulomozerskaya,2075,2.075,dol,11.93,21,melezhik99,SV2002
Tulomozerskaya,2075,2.075,dol,9.63,40,melezhik01a,SV2002
Tulomozerskaya,2075,2.075,carb,9.68,10,melezhik01a,SV2002
"Watterson Fm, Hurwitz Gp",2075,2.075,dol,8.41,4,hofmann98,SV2002
"Eskosenvaara Fm, Somerjarvi Gp, Kainuu",2050,2.05,dol,4.81,3,karhu93,SV2002
"Jatulian, North Onega",2050,2.05,lime,15.16,2,karhu93,SV2002
"Jatulian, North Onega",2050,2.05,dol,11.82,4,karhu93,SV2002
"Jatulian, Onega",2050,2.05,dol,9.46,7,karhu93,SV2002
"Jatulian, Soanlahti",2050,2.05,dol,8.4,1,karhu93,SV2002
"Jatulian, Suojarvi",2050,2.05,dol,10.07,2,karhu93,SV2002
Karelian,2050,2.05,dol,5,8,schid75,SV2002
Karelian,2050,2.05,dol,3.6,2,eichman75,SV2002
Kuopio,2050,2.05,dol,1.1,1,karhu93,SV2002
"Kvartsimaa Fm, Perapohja",2050,2.05,dol,8.65,3,karhu93,SV2002
"Lower Carbonate Fm, Alasiikajarvi",2050,2.05,dol,6.6,1,karhu93,SV2002
"Lower Fm, Middle Gp, Kalix",2050,2.05,lime,2.3,2,karhu93,SV2002
"Lower Fm, Middle Gp, Kalix",2050,2.05,dol,3.14,3,karhu93,SV2002
Lower Pitkaranta Gp,2050,2.05,lime,5.38,3,karhu93,SV2002
Lower Pitkaranta Gp,2050,2.05,dol,5.5,2,karhu93,SV2002
"Ludian, Onega",2050,2.05,dol,-3.2,1,karhu93,SV2002
Pelkosenniemi,2050,2.05,lime,11.9,2,karhu93,SV2002
Pelkosenniemi,2050,2.05,dol,8.81,3,karhu93,SV2002
"Petonen Fm, Kuopio",2050,2.05,lime,3.66,5,karhu93,SV2002
"Petonen Fm, Kuopio",2050,2.05,dol,4.89,7,karhu93,SV2002
"Poikkijarvi Fm, Hyrynsalmi Gp",2050,2.05,lime,7.7,1,karhu93,SV2002
"Poikkijarvi Fm, Hyrynsalmi Gp",2050,2.05,dol,8.52,3,karhu93,SV2002
"Rantamaa Fm, Perapohja",2050,2.05,lime,6.9,1,karhu93,SV2002
"Rantamaa Fm, Perapohja",2050,2.05,dol,6.95,13,karhu93,SV2002
"Rantuvaara Fm, Upper Lapponian Gp",2050,2.05,dol,3.78,3,karhu93,SV2002
"Salmijarvi Fm, Kainuu",2050,2.05,lime,2.6,1,karhu93,SV2002
"Salmijarvi Fm, Kainuu",2050,2.05,dol,3.65,2,karhu93,SV2002
"Upper Carbonate Fm, Alasiikajarvi",2050,2.05,dol,1.4,1,karhu93,SV2002
"Upper Lapponian, Kittila-Kolari",2050,2.05,lime,9.85,2,karhu93,SV2002
"Upper Lapponian, Kittila-Kolari",2050,2.05,dol,8.98,5,karhu93,SV2002
Upper Pitkaranta,2050,2.05,lime,1.73,7,karhu93,SV2002
Upper Pitkaranta,2050,2.05,dol,1.9,1,karhu93,SV2002
"Vaisala, Kainuu",2050,2.05,dol,7.5,1,karhu93,SV2002
"Yllas Fm, Kittila-Kolari",2050,2.05,dol,5.5,1,karhu93,SV2002
Zaonega Fm,2035,2.035,shale,-6.363157895,19,Kump et al. (2011) Science,RefList
"Kautoselka Fm, Upper Lapponian",2025,2.025,lime,2,2,karhu93,SV2002
"Kautoselka Fm, Upper Lapponian",2025,2.025,dol,1.6,4,karhu93,SV2002
"Upper Fm, Middle Gp, Kalix",2025,2.025,dol,4.08,4,karhu93,SV2002
Upper Yatulian,2025,2.025,lime,8.6,2,tikhomirova93,SV2002
Upper Yatulian,2025,2.025,dol,9.11,18,tikhomirova93,SV2002
Lucknow Fm.,2000,2,sandstone,9.3,3,Guo et al. (2009),RefList
Albanel (upper),2000,2,dol,0.9,1,schid83,SV2002
Gibraltar,2000,2,carb,-0.7,1,schid83,SV2002
"Greenstone Gp, western Lapland",2000,2,lime,-0.53,4,karhu93,SV2002
"Greenstone Gp, western Lapland",2000,2,dol,1.48,7,karhu93,SV2002
Hearne,2000,2,carb,1.6,1,schid83,SV2002
Kalochella,2000,2,carb,-0.2,1,schid83,SV2002
Krivoj Rog,2000,2,lime,-9.3,25,perry81,SV2002
"Middle Sedimentary Gp, Pahakurkio",2000,2,lime,1.3,1,karhu93,SV2002
Randville,2000,2,dol,3.5,1,hoering62,SV2002
"Upper Albanel, banded dolostone unit",2000,2,dol,1.09,21,mirota94,SV2002
"Upper Albanel, sandy dolostone unit",2000,2,dol,1.1,20,mirota94,SV2002
Jhamarkotra formation,1921,1.921,dol,1.382051282,78,Purohit et al. (2011),RefList
"Kalevian, North Karelia",1975,1.975,lime,-1.9,2,karhu93,SV2002
"Kalevian, North Karelia",1975,1.975,dol,0.11,6,karhu93,SV2002
"Kalevian, Northern Ostrobothnia",1975,1.975,dol,2.94,4,karhu93,SV2002
Central Svecofennian,1925,1.925,lime,1.06,9,karhu93,SV2002
Central Svecofennian,1925,1.925,dol,1.71,4,karhu93,SV2002
Epworth Gp,1925,1.925,dol,0.2,1,schid83,SV2002
North Svecofennian,1925,1.925,lime,-2.03,3,karhu93,SV2002
North Svecofennian,1925,1.925,dol,-0.3,1,karhu93,SV2002
Northeast Svecofennian,1925,1.925,lime,1.83,9,karhu93,SV2002
Northeast Svecofennian,1925,1.925,dol,2.3,5,karhu93,SV2002
"Odjick Fm, Coronation Sgp",1925,1.925,dol,0.6,2,veizer92b,SV2002
"Odjick Fm, Coronation Sgp",1925,1.925,ank,-7,1,veizer92b,SV2002
Rocknest Fm,1925,1.925,dol,0.3,2,veizer76,SV2002
"Rocknest Fm, Coronation Sgp",1925,1.925,dol,0.79,15,veizer92b,SV2002
"Rocknest Fm, Wopmay",1925,1.925,dol,1.19,9,pprg92,SV2002
South Svecofennian,1925,1.925,lime,0.24,15,karhu93,SV2002
South Svecofennian,1925,1.925,dol,0.22,2,karhu93,SV2002
"Iswal, Aravalli Supergroup",1921,1.921,carb,9.09047619,21,Maheshwari et al. (2010),RefList
Coronation,1900,1.9,lime,1.3,2,veizer76,SV2002
Coronation,1900,1.9,dol,0.3,2,veizer76,SV2002
"Cowles Lk Fm, Coronation Sgp",1900,1.9,lime,0.47,3,veizer92b,SV2002
Pekanatui Point,1900,1.9,lime,0.4,1,veizer76,SV2002
Umkondo,1900,1.9,dol,14,1,schid75,SV2002
"Talthalei, East Arm Gt Slave Lk",1875,1.875,lime,0.67,9,whittaker98,SV2002
"Talthalei, East Arm Gt Slave Lk",1875,1.875,dol,0.91,21,whittaker98,SV2002
Taltheilei,1875,1.875,carb,1.3,1,schid83,SV2002
Utsingi,1875,1.875,lime,2.1,1,veizer76,SV2002
"Utsingi, East Arm Gt Slave Lk",1875,1.875,lime,1.22,22,whittaker98,SV2002
"Utsingi, East Arm Gt Slave Lk",1875,1.875,dol,1.69,20,whittaker98,SV2002
"Wildbread, East Arm Gt Slave Lk",1875,1.875,lime,1.13,4,whittaker98,SV2002
"Wildbread, East Arm Gt Slave Lk",1875,1.875,dol,1.5,5,whittaker98,SV2002
Duck Ck,1795,1.795,dol,0.17,21,veizer92a,SV2002
Duck Ck,1795,1.795,carb,0.5,2,veizer76,SV2002
Duck Ck,1795,1.795,carb,0.7,5,schid83,SV2002
Duck Ck,1795,1.795,carb,0.5,22,lindsay02,RefList
Duck Ck,1795,1.795,carb,-0.6,4,becker72,SV2002
Johnson Cairn,1850,1.85,carb,-0.4,1,lindsay02,RefList
Juderina,1850,1.85,carb,7.7,5,lindsay02,RefList
Juderina,1850,1.85,carb,6.7,6,lindsay02,RefList
Duck Creek Formation,1795,1.795,carb,0.445035971,417,Wilson et al. (2010),RefList
Chuanlinggou Fm.,1705,1.705,dol,-3.284615385,13,Chu et al. (2007),RefList
Earaheedy,1700,1.7,carb,-1.3,4,schid83,SV2002
"Frere, Earaheedy Gp",1700,1.7,dol,0.2,3,schid83,SV2002
"Frere, Earaheedy Gp",1700,1.7,carb,-0.7,1,lindsay02,RefList
"Gunpowder Ck, McNamara Gp",1700,1.7,dol,-0.78,38,lindsay00,SV2002
"Kajrahat, Vindhyan, Maihar-Dhanwahi",1700,1.7,lime,-0.18,4,friedman96,SV2002
"Kajrahat, Vindhyan, Son Valley",1700,1.7,lime,0.14,52,"ray, unpublished (see PMCID ref)",SV2002
"Kajrahat, Vindhyan, Son Valley",1700,1.7,dol,0.9,1,"ray, unpublished (see PMCID ref)",SV2002
"Tuanshanzi Fm, Jixian",1700,1.7,dol,-3.98,6,xiao97,SV2002
"Windidda, Earaheedy Gp",1700,1.7,carb,-0.7,8,lindsay02,RefList
"Yelma, Earaheedy Gp",1700,1.7,carb,0.6,78,lindsay02,RefList
"Yelma, Earaheedy Gp",1700,1.7,carb,1.2,58,lindsay02,RefList
"Yelma, Earaheedy Gp",1700,1.7,carb,1.8,32,lindsay02,RefList
Tuangshanzi Fm.,1683,1.683,Dol,-2.043589744,39,Chu et al. (2007),RefList
"Kulele Ck, Earaheedy Gp",1675,1.675,carb,-1.2,1,schid83,SV2002
"Kulele Ck, Earaheedy Gp",1675,1.675,carb,0.5,4,lindsay02,RefList
"McArthur, Mt Young",1675,1.675,dol,-0.51,11,veizer92b,SV2002
"McArthur, Mt Young",1675,1.675,ank,1,1,veizer92b,SV2002
"Amelia, McArthur Gp",1650,1.65,carb,-0.8,3,schid83,SV2002
"Barney Ck, McArthur Gp",1650,1.65,shale,-1.6,9,smith75,PPRG
"Barney Ck, McArthur Gp",1650,1.65,dol,-0.94,15,lindsay00,SV2002
"Emmerugga Dol, McArthur Gp",1650,1.65,dol,-0.86,30,lindsay00,SV2002
"HYC, McArthur Gp",1650,1.65,dol,-1.28,24,rye81,SV2002
"HYC, McArthur Gp",1650,1.65,lime,-1.9,2,rye81,SV2002
"Lady Loretta, McNamara Gp",1650,1.65,dol,-0.44,84,lindsay00,SV2002
"Mallapunyah, McArthur Gp",1650,1.65,carb,0.2,1,schid83,SV2002
"Mallapunyah, McArthur Gp",1650,1.65,dol,-0.33,36,lindsay00,SV2002
McArthur,1650,1.65,dol,-1.2,6,veizer76,SV2002
McArthur,1650,1.65,dol,-0.86,179,lindsay00,SV2002
"Mt Les, Fickling Gp",1650,1.65,dol,-1.27,5,lindsay00,SV2002
"Paradise Ck, McNamara Gp",1650,1.65,dol,-0.49,34,lindsay00,SV2002
"Reward, McArthur Gp",1650,1.65,dol,-0.94,8,lindsay00,SV2002
"Teena, McArthur Gp",1650,1.65,dol,-0.38,10,lindsay00,SV2002
"Tooganinie, McArthur Gp",1650,1.65,carb,-2,2,schid83,SV2002
"Walford, Fickling Gp",1650,1.65,dol,-0.71,89,lindsay00,SV2002
Dahongyu Fm.,1625,1.625,dol,-0.383333333,6,Chu et al. (2007),RefList
"Dahongyu, Jixian",1625,1.625,dol,-1.9,1,xiao97,SV2002
"Dahongyu, Jixian",1625,1.625,lime,-0.2,1,xiao97,SV2002
"Looking Glass, McArthur Gp",1625,1.625,dol,-0.36,2,lindsay00,SV2002
"Lynott, McArthur Gp",1625,1.625,dol,-0.64,69,lindsay00,SV2002
"McArthur, Bauhinia Dns",1625,1.625,dol,0.83,18,veizer92b,SV2002
"Stretton, McArthur Gp",1625,1.625,dol,-0.65,3,lindsay00,SV2002
"Yalco, McArthur Gp",1625,1.625,dol,-0.15,28,lindsay00,SV2002
"Balbirini Dol, Nathan Gp",1600,1.6,dol,-0.6,21,lindsay00,SV2002
Bangemall,1600,1.6,dol,0.8,7,veizer76,SV2002
"Bhagwanpur Lst, Rajasthan",1600,1.6,lime,-1.47,11,"ray, unpublished (see PMCID ref)",SV2002
"Bhagwanpur Lst, Rajasthan",1600,1.6,dol,0.62,11,"ray, unpublished (see PMCID ref)",SV2002
"Doomadgee, Fickling Gp",1600,1.6,dol,-2.08,8,lindsay00,SV2002
Kaladgi,1600,1.6,carb,0.3,16,sath87,SV2002
"Smythe, Nathan Gp",1600,1.6,dol,0.41,3,lindsay00,SV2002
Einasleigh Mtm,1575,1.575,lime,4.93,4,mcnaughton83,SV2002
Einasleigh Mtm,1575,1.575,dol,5.53,4,mcnaughton83,SV2002
"Irregully Fm, Bangemall Gp",1575,1.575,dol,-0.11,107,buick95,SV2002
"Cheyne Springs Fm, Bangemall Gp",1550,1.55,carb,-1.58,18,buick95,SV2002
"Erdaohe Fm, Luonan",1550,1.55,lime,-3,1,xiao97,SV2002
"Erdaohe Fm, Luonan",1550,1.55,dol,-1.22,5,xiao97,SV2002
"Gaoyuzhuang Fm, Jixian",1550,1.55,dol,-0.5,2,xiao97,SV2002
"Luoyukou Fm, Shuiyougou",1550,1.55,dol,-0.3,8,xiao97,SV2002
"Muntharra Fm, Bangemall Gp",1525,1.525,dol,-0.39,8,buick95,SV2002
"Devil Ck Fm, Bangemall Gp",1500,1.5,carb,-0.53,21,buick95,SV2002
"Shizhuang Fm, Luonan",1500,1.5,lime,-0.7,1,xiao97,SV2002
"Shizhuang Fm, Luonan",1500,1.5,dol,-0.42,5,xiao97,SV2002
Yangzhuang,1499,1.499,carb,-0.340769231,13,Guo et al. (2013) Precambrian Research,RefList
Wumishan,1499,1.499,carb,-0.065305466,311,Guo et al. (2013) Precambrian Research,RefList
Hongshuizhuang,1499,1.499,carb,1.025,4,Guo et al. (2013) Precambrian Research,RefList
"Altyn, Belt Sgp",1475,1.475,lime,1.47,3,hall96,SV2002
"Altyn, Belt Sgp",1475,1.475,dol,1.67,3,hall96,SV2002
"Ullawarra Fm, Bangemall Gp",1475,1.475,carb,-1.46,9,buick95,SV2002
"Ust'-Il'ya, Anabar",1475,1.475,dol,-1.25,2,knoll95a,SV2002
Chamberlain,1470,1.47,?,-1.74555,2,Stueeken (2013) GCA,RefList
Greyson,1470,1.47,?,0.25170925,4,Stueeken (2013) GCA,RefList
Newland,1470,1.47,?,0.754327977,37,Stueeken (2013) GCA,RefList
Belt,1450,1.45,lime,2.6,1,hoering62,SV2002
"Empire, Belt Sgp",1450,1.45,lime,-2.55,2,hall96,SV2002
"Empire, Belt Sgp",1450,1.45,dol,-1.6,1,hall96,SV2002
Helena,1450,1.45,carb,0.75,322,frank97,RefList
"Helena, Belt Sgp",1450,1.45,lime,-0.92,46,hall96,SV2002
"Helena, Belt Sgp",1450,1.45,dol,-0.01,34,hall96,SV2002
"Kotuikan, Anabar",1450,1.45,dol,-1.27,15,knoll95a,SV2002
"Lonjiayuan Fm, Luonan",1450,1.45,lime,0.21,16,xiao97,SV2002
"Lonjiayuan Fm, Luonan",1450,1.45,dol,0.17,19,xiao97,SV2002
"Newland, Belt Sgp",1450,1.45,lime,1.33,12,hall96,SV2002
"Newland, Belt Sgp",1450,1.45,dol,-0.1,7,hall96,SV2002
"Siyeh, Belt Sgp",1450,1.45,lime,-0.02,29,hall96,SV2002
"Siyeh, Belt Sgp",1450,1.45,dol,0.24,21,hall96,SV2002
"Snowslip, Belt Sgp",1450,1.45,lime,-1.96,5,hall96,SV2002
"Snowslip, Belt Sgp",1450,1.45,dol,-0.82,5,hall96,SV2002
Spokane,1450,1.45,dol,-3.18,10,lange87,SV2002
"Spokane/Greyson, Belt Sgp",1450,1.45,lime,1.55,6,hall96,SV2002
"Wallace, Belt Sgp",1450,1.45,lime,-1.37,24,hall96,SV2002
"Wallace, Belt Sgp",1450,1.45,dol,-0.89,16,hall96,SV2002
"Yangzhuang Fm, Jixian",1450,1.45,lime,-1.4,4,xiao97,SV2002
Gaoyuzhuang Fm.,1434,1.434,Dol.,-0.319047619,21,Chu et al. (2007),RefList
"Shepard, Belt Sgp",1425,1.425,lime,-3,11,hall96,SV2002
"Shepard, Belt Sgp",1425,1.425,dol,-3.14,10,hall96,SV2002
Jixian,1400,1.4,dol,-0.71,48,zhong92,SV2002
"Kheinjua, Vindhyan",1400,1.4,lime,0.9,1,friedman96,SV2002
"Kheinjua, Vindhyan, Son Valley",1400,1.4,dol,0.38,8,"ray, unpublished (see PMCID ref)",SV2002
Libby,1400,1.4,lime,-2.25,11,hall96,SV2002
Libby,1400,1.4,dol,-1.07,3,hall96,SV2002
Ming Tombs,1400,1.4,dol,-0.88,112,zhong92,SV2002
"Mt Shields, Belt Sgp",1400,1.4,lime,0.01,9,hall96,SV2002
"Mt Shields, Belt Sgp",1400,1.4,dol,0.36,9,hall96,SV2002
"Yusmastakh, Anabar",1400,1.4,dol,-0.39,22,knoll95a,SV2002
Bungle Bungle,1375,1.375,carb,-0.7,7,schid83,SV2002
Cuddapah,1350,1.35,lime,-0.9,1,schid83,SV2002
Cuddapah,1350,1.35,dol,-0.9,1,eichman75,SV2002
"Huanglianduo Fm, Shuiyougou",1350,1.35,dol,-0.07,35,xiao97,SV2002
Sibley,1350,1.35,dol,-0.3,1,schid75,SV2002
"Wumishan Fm, Jixian",1350,1.35,lime,0.16,10,xiao97,SV2002
"Wumishan Fm, Jixian",1350,1.35,dol,-0.2,1,xiao97,SV2002
"Xunjiansi Fm, Luonan",1350,1.35,lime,-0.29,17,xiao97,SV2002
"Xunjiansi Fm, Luonan",1350,1.35,dol,-0.04,18,xiao97,SV2002
Yangzhuang Fm.,1350,1.35,Dol.,-0.15,16,Chu et al. (2007),RefList
Badami,1300,1.3,dol,3.6,2,sath87,SV2002
"Treghorkha Fm, Uchur-Maya",1300,1.3,lime,-0.6,1,bartley01,SV2002
"Treghorkha Fm, Uchur-Maya",1300,1.3,dol,-1.64,5,bartley01,SV2002
Wumishan Fm.,1260,1.26,Dol.,0.556521739,23,Chu et al. (2007),RefList
Avzyan ,1230,1.23,lime/dol,1.017913386,254,Bartley et al. (2007),RefList
"Society Cliff Fm, Bylot Spgp",1210,1.21,dol,2.611111111,18,Kah et al. (1999) Can.J.Earth Sci.,RefList
Hongshuizhuang Fm.,1208,1.208,Dol.,-0.957142857,7,Chu et al. (2007),RefList
Clarke,1200,1.2,lime,0.8,1,veizer76,SV2002
Mescal Fm,1200,1.2,dol,3.1,16,beeunas85,SV2002
Hunting Fm,1175,1.175,dol,2.2,20,kah99,SV2002
"Narssarssuk Fm, Lower Red",1175,1.175,dol,1.73,3,kah99,SV2002
Society Cliffs Fm,1175,1.175,dol,3.65,76,kah99,SV2002
Society Cliffs Fm,1175,1.175,dol,2.5,69,kah01,SV2002
Society Cliffs Fm,1175,1.175,lime,2.5,3,kah01,SV2002
Society Cliffs Fm,1175,1.175,shale,-0.2,6,kah01,SV2002
"Narssarssuk Fm, Aorferneq",1150,1.15,carb,1.16,5,kah99,SV2002
Victor Bay Fm,1150,1.15,carb,0.81,30,kah99,SV2002
Victor Bay Fm,1150,1.15,lime,2,5,kah01,SV2002
"Tieling Fm, Jixian",1150,1.15,lime,-0.35,10,xiao97,SV2002
"Beidajian Fm, Shuiyougou",1150,1.15,dol,-0.97,4,xiao97,SV2002
Athole Point Fm,1125,1.125,lime,1.29,29,kah99,SV2002
"Narssarssuk Fm, Upper Red",1125,1.125,carb,2.2,4,kah99,SV2002
Tieling Fm.,1125,1.125,Dol.,-0.616666667,18,Chu et al. (2007),RefList
"Tirhon Dolostone, Chitrakut",1100,1.1,dol,-0.41,8,"ray, unpublished (see PMCID ref)",SV2002
"Rohtasgarh Limestone, Son Valley",1100,1.1,lime,-1.16,38,"ray, unpublished (see PMCID ref)",SV2002
"Rohtasgarh Limestone, Son Valley",1100,1.1,dol,-0.67,26,"ray, unpublished (see PMCID ref)",SV2002
"Pellet Dolostone, Chitrakut",1100,1.1,dol,-0.96,7,"ray, unpublished (see PMCID ref)",SV2002
"Nimbehera Limestone, Rajasthan",1100,1.1,lime,2.35,22,"ray, unpublished (see PMCID ref)",SV2002
"Duguan Fm, Luonan",1100,1.1,lime,0.3,3,xiao97,SV2002
"Duguan Fm, Luonan",1100,1.1,dol,-1.58,9,xiao97,SV2002
"Eurelia Beds, Copper Claim",1100,1.1,lime,3.31,28,lambert84a,SV2002
"Eurelia Beds, Copper Claim",1100,1.1,dol,1.83,27,lambert84a,SV2002
"Jing'eryu Fm, Jixian",1100,1.1,lime,2.31,11,xiao97,SV2002
Mozambique,1100,1.1,lime,0.4,10,arne85,SV2002
En Nesoar,1110,1.11,shale,-2.655555556,18,Gilleaudeau and Kah (2013),RefList
Touirist,1105,1.105,shale,0.070588235,17,Gilleaudeau and Kah (2013),RefList
"Fengjiawan Fm, Luonan",1050,1.05,lime,1.63,4,xiao97,SV2002
"Fengjiawan Fm, Luonan",1050,1.05,dol,1.97,3,xiao97,SV2002
"Linok Fm, Turukhansk",1050,1.05,lime,-0.7,9,bartley01,SV2002
"Linok Fm, Sukhaya-Tunguska",1050,1.05,lime,-0.96,15,knoll95a,SV2002
"Linok Fm, Sukhaya-Tunguska",1050,1.05,dol,-2.45,2,knoll95a,SV2002
"Malgina Fm, Uchur-Maya",1050,1.05,lime,1,1,bartley01,SV2002
"Malgina Fm, Uchur-Maya",1050,1.05,dol,0.25,21,bartley01,SV2002
Oakway,1050,1.05,dol,-1,1,schid75,SV2002
"Svetlyi Fm, Uchur-Maya",1050,1.05,dol,0.4,13,bartley01,SV2002
Burovaya,1025,1.025,carb,2.3,5,bart01,SV2002
Derevnya,1025,1.025,lime,0.7,1,bart01,SV2002
Ignikan,1025,1.025,carb,1.4,10,bart01,SV2002
Miroyedikha,1025,1.025,carb,1.5,15,bart01,SV2002
Neryuen,1025,1.025,carb,1.5,6,bart01,SV2002
Shorikha,1025,1.025,dol,0.8,5,bart01,SV2002
Sukhaya Tunguska Fm,1025,1.025,lime,0.5,26,bart01,SV2002
"Sukhaya Tunguska Fm, Sukhaya Tunguska",1025,1.025,lime,1.53,6,knoll95a,SV2002
Sukhaya Tunguska Fm,1025,1.025,dol,-0.6,22,knoll95a,SV2002
"Rechka Fm, Nizhnaya Tunguska",1025,1.025,lime,4.1,1,knoll95a,SV2002
Tsipanda,1025,1.025,carb,1,27,bart01,SV2002
Turukhansk,1025,1.025,dol,3.1,28,bart01,SV2002
Kundelungu,1000,1,dol,1.3,1,schid75,SV2002
Kurnool,1000,1,lime,3.4,1,eich75,SV2002
"Ank Shale, Kurnool (lower)",1000,1,lime,3.4,1,schid75,SV2002
Kurnool (upper),1000,1,lime,-0.6,1,schid75,SV2002
Mwashia,1000,1,dol,-3.5,1,schid75,SV2002
Roan (lower),1000,1,carb,-2.1,12,schid75,SV2002
Roan (upper),1000,1,dol,6.8,1,schid75,SV2002
Little Dal,906.7709109,0.906770911,carb,2.852198707,81,Halverson et al. (2006),RefList
Aok,900,0.9,lime,2.409259259,27,Jones et al. (2010),RefList
I-5,900,0.9,carb,1.7,51,fairc90,SV2002
Taoudenni,900,0.9,carb,0.1,8,schid75,SV2002
Taoudenni,900,0.9,carb,0.6,3,eich75,SV2002
Little Dal,895.3242547,0.895324255,carb,4.260623716,51,Halverson et al. (2006),RefList
Little Dal,884.9544314,0.884954431,carb,4.765076655,41,Halverson et al. (2006),RefList
Little Dal,875.0220328,0.875022033,carb,5.064396104,44,Halverson et al. (2006),RefList
I-6,875,0.875,lime,-2.6,13,fairc90,SV2002
I-7,875,0.875,lime,-0.7,5,fairc90,SV2002
Sirohi Group,870,0.87,carb,0.652380952,42,Purohit et al. (2011),RefList
Little Dal,864.9297661,0.864929766,carb,3.983752381,45,Halverson et al. (2006),RefList
Boot Inlet,860,0.86,lime,4.231363636,66,Jones et al. (2010),RefList
Little Dal,855.0931588,0.855093159,carb,4.31797619,44,Halverson et al. (2006),RefList
Beck Spring,850,0.85,dol,4.2,13,tuck82,SV2002
Bitter Springs,850,0.85,carb,1.3,14,veiz76,SV2002
Bitter Springs,850,0.85,chert,3.4,1,schid83,SV2002
Chattisgarh,850,0.85,carb,3.9,5,schid75,SV2002
Chattisgarh,850,0.85,lime,5,1,eich75,SV2002
Kapp Lord,850,0.85,carb,5.1,4,knoll86,SV2002
Kingston Peak,850,0.85,lime,2,7,tuck87,PPRG
Persberget,850,0.85,shale,1.1,1,knoll86,SV2002
Little Dal,844.3389807,0.844338981,carb,4.791457143,20,Halverson et al. (2006),RefList
Jingeryu Fm.,842.2,0.8422,lime,1.422222222,18,Chu et al. (2007),RefList
Little Dal,831.3022664,0.831302266,carb,1.570242857,5,Halverson et al. (2006),RefList
Kingbreen,825,0.825,carb,3.6,4,knoll86,SV2002
Little Dal,815.4598427,0.815459843,carb,4.951777778,45,Halverson et al. (2006),RefList
Grusdievbreen,813.8667692,0.813866769,carb,2.721210609,169,Halverson et al. (2005),RefList
Little Dal,802.8767791,0.802876779,carb,-1.64216369,32,Halverson et al. (2006),RefList
Wynniatt,800,0.8,lime,5.35215736,394,Jones et al. (2010),RefList
Burra,800,0.8,chert,4.6,1,schid83,SV2002
Glasgowbreen,800,0.8,shale,-5.8,1,knoll86,SV2002
Little Dal,793.2530148,0.793253015,carb,2.648470517,47,Halverson et al. (2006),RefList
Svanbergfjellet,791.7448291,0.791744829,carb,3.256013292,163,Halverson et al. (2005),RefList
Little Dal,782.6954175,0.782695418,carb,2.25145558,64,Halverson et al. (2006),RefList
Draken,776.0717149,0.776071715,carb,5.873462207,63,Halverson et al. (2005),RefList
Bed 7,775,0.775,lime,6.6,1,knoll86,SV2002
Bed 8,775,0.775,lime,4.3,1,knoll86,SV2002
Bed 9,775,0.775,carb,6.2,6,knoll86,SV2002
Grusdievbreen,775,0.775,carb,4.5,6,knoll86,SV2002
Oxfordbreen,775,0.775,shale,2.9,2,knoll86,SV2002
R. Wakefield,775,0.775,dol,2.7,4,veiz76,SV2002
Raudstop,775,0.775,carb,3.5,2,knoll86,SV2002
Skillogalee,775,0.775,dol,2.5,5,veiz76,SV2002
Skillogalee,775,0.775,dol,-1.1,2,schid75,SV2002
Skillogalee,775,0.775,dol,-2,1,eich75,SV2002
Backlundtoppen,759.347503,0.759347503,carb,6.840379592,182,Halverson et al. (2005),RefList
Bed 10,750,0.75,dol,-1.4,1,knoll86,SV2002
Bed 11,750,0.75,carb,4.5,5,knoll86,SV2002
Bed 12,750,0.75,dol,1.7,1,knoll86,SV2002
Bed 13,750,0.75,dol,4.7,1,knoll86,SV2002
Damara,750,0.75,carb,2.6,11,schid75,SV2002
Damara,750,0.75,carb,5.8,3,eich75,SV2002
Elenore Bay,750,0.75,carb,5.2,10,schid75,SV2002
Elenore Bay,750,0.75,carb,6,7,eich75,SV2002
Landrigan,750,0.75,dol,-5.4,1,will79,SV2002
Sturtian,750,0.75,lime,2.9,3,veiz76,SV2002
Svanbergfjellet,750,0.75,carb,2.3,4,knoll86,SV2002
Tapley Hill,750,0.75,dol,1.8,1,will79,SV2002
Tapley Hill,750,0.75,lime,-0.2,1,schid75,SV2002
Tapley Hill,750,0.75,dol,-2.9,10,lamb84,SV2002
Tapley Hill,750,0.75,carb,-0.2,20,lamb84,SV2002
Tapley Hill,750,0.75,dol,-0.8,26,knut83,SV2002
Tindelpina,750,0.75,dol,1.8,1,veiz76,SV2002
Russøya,727.9215534,0.727921553,carb,0.238677656,78,Halverson et al. (2005),RefList
Bed 14,725,0.725,lime,4.4,1,knoll86,SV2002
Bed 15,725,0.725,dol,5.6,1,knoll86,SV2002
Draken,725,0.725,carb,5.7,9,knoll86,SV2002
Rysso,725,0.725,carb,5.7,11,knoll86,SV2002
16 Tsagaan Oloom,700,0.7,lime,-0.48,24,shields02,SV2002
Backlundtoppen,700,0.7,carb,5.4,8,knoll86,SV2002
Backlundtoppen,700,0.7,lime,6.6,3,fairc87,SV2002
Bed 17,700,0.7,carb,9.1,2,knoll86,SV2002
Bed 18,700,0.7,carb,5.4,4,knoll86,SV2002
Biri,700,0.7,lime,1.7,11,tuck83,SV2002
Brighton,700,0.7,lime,2,2,veiz76,SV2002
Elbobreen,700,0.7,carb,3.3,4,knoll86,SV2002
Elbobreen,700,0.7,carb,4.1,24,fairc87,SV2002
Rasthof,691.1374199,0.69113742,carb,2.9503,100,Halverson et al. (2005),RefList
17 Tsagaan Oloom,675,0.675,lime,3.1,2,shields02,SV2002
Bed 19,675,0.675,lime,4.7,6,knoll86,SV2002
Bed 19/20,675,0.675,carb,-5.3,3,knoll86,SV2002
Bhima,675,0.675,dol,3.3,2,sath87,SV2002
Blackaberget,675,0.675,silt,2,5,knoll86,SV2002
Datanpo,675,0.675,carb,-4.6,1,lamb87,SV2002
Klackaberget,675,0.675,shale,2.8,2,knoll86,SV2002
Moonlight Valley,675,0.675,dol,-1.2,7,will79,SV2002
Umberatana,675,0.675,carb,3.3,3,schid75,SV2002
Gruis,672.157961,0.672157961,carb,4.402857143,21,Halverson et al. (2005),RefList
Ombaatjie,659.4612711,0.659461271,carb,3.808939258,127,Halverson et al. (2005),RefList
18 Tsagaan Oloom,650,0.65,carb,5.45,6,shields02,SV2002
Cango,650,0.65,carb,-1.7,2,eich75,SV2002
Duoshantuo,650,0.65,carb,4.1,16,lamb87,SV2002
Egan,650,0.65,dol,-0.5,1,will79,SV2002
Etina,650,0.65,lime,9.5,2,veiz76,SV2002
Malmesbury,650,0.65,carb,1.5,13,schid75,SV2002
Malmesbury,650,0.65,carb,0.8,2,eich75,SV2002
Nuccaleena,650,0.65,dol,-2.5,2,will79,SV2002
Nuccaleena,650,0.65,dol,-2,1,veiz76,SV2002
Trezona,650,0.65,lime,-7.5,3,veiz76,SV2002
Walsh,650,0.65,dol,-0.7,2,will79,SV2002
Willochra,650,0.65,lime,3.3,1,veiz76,SV2002
Wilsonbreen,650,0.65,carb,4,1,knoll86,SV2002
Wilsonbreen,650,0.65,carb,1.8,11,fairc87,SV2002
Wonokaan,650,0.65,lime,-7.2,1,veiz76,SV2002
"Cap carb, Doushantuo",635.2,0.6352,dol,2.92125,8,Tahata et al. (2013),RefList
Hadash,635,0.635,dol,-0.647502333,3,Fike et al. 2006,RefList
Maieberg,633.6061939,0.633606194,carb,-2.886389137,96,Halverson et al. (2005),RefList
Elandshoek,626.8121692,0.626812169,carb,-0.871634383,59,Halverson et al. (2005),RefList
19 Tsagaan Oloom,625,0.625,carb,7.32,31,shields02,SV2002
Canyon,625,0.625,shale,-2.7,2,knoll86,SV2002
Spiral Ck,625,0.625,carb,-2.6,2,knoll86,SV2002
Tillite,625,0.625,shale,1.7,2,knoll86,SV2002
M. Bay,621.7,0.6217,lime,2.354393906,16,Fike et al. (2006),RefList
Hüttenberg,618.0096333,0.618009633,carb,4.442946237,31,Halverson et al. (2005),RefList
"Member II, Doushantuo",610,0.61,shale,4.05423913,92,Tahata et al. (2013),RefList
Karibib,609.5,0.6095,carb,1.929310345,58,Halverson et al. (2005),RefList
Khufai,605.4,0.6054,lime,2.378414794,34,Fike et al. (2006),RefList
Krol C,600,0.6,carb,1.9,9,ahar86,PPRG
Kuibis,600,0.6,carb,1.3,9,schid75,SV2002
Kuibis,600,0.6,carb,2.9,2,eich75,SV2002
"Luoquan Fm, Shuiyougou",600,0.6,lime,-0.8,1,xiao97,SV2002
Pertatataka,600,0.6,dol,5.2,2,veiz76,SV2002
Yudoma,600,0.6,dol,-0.5,32,magar86,SV2002
Shuram,582.1,0.5821,lime,-7.298869033,92,Fike et al. (2006),RefList
20 Tsagaan Oloom,575,0.575,carb,4.8,4,shields02,SV2002
Denying,575,0.575,dol,2.5,15,lamb87,SV2002
Dolomite Inferieure,575,0.575,dol,1,10,tuck86,SV2002
Dracoisen,575,0.575,carb,3.1,2,knoll86,SV2002
Dracoisen,575,0.575,lime,4.2,11,fairc87,SV2002
Krol D,575,0.575,dol,2.9,11,ahar86,PPRG
Krol E,575,0.575,dol,3,3,ahar86,PPRG
Lie de Vin,575,0.575,lime,-2.5,14,tuck86,SV2002
PC/C Boundary Beds,575,0.575,lime,-0.5,1,lamb87,SV2002
Reed,575,0.575,dol,1.7,5,pprg92,SV2002
"Member III, Dengying",570,0.57,dol,4.361573034,89,Tahata et al. (2013),RefList
Buah,554,0.554,dol,1.262293441,34,Fike et al. (2006),RefList
"Member IV, Dengying",551.1,0.5511,shale,-4.16,3,Tahata et al. (2013),RefList
21 Tsagaan Oloom,550,0.55,lime,5.43,4,shields02,SV2002
22 Tsagaan Oloom,550,0.55,carb,4.5,2,shields02,SV2002
23 Tsagaan Oloom,550,0.55,dol,4.1,1,shields02,SV2002
Calcaire Superieur,550,0.55,lime,1.4,10,tuck86,SV2002
Chapel Is,550,0.55,lime,-1.23,3,pprg92,SV2002
Kirtonryggen,550,0.55,lime,-0.2,2,knoll86,SV2002
Schisto Calcaire,550,0.55,shale,-0.2,8,tuck86,SV2002
Schwarzrand,550,0.55,carb,-2.4,12,schid75,SV2002
Transition,550,0.55,lime,0.1,9,tuck86,SV2002
Dengying Formation (Baimatuo member),550,0.55,dol,0.786666667,3,Ishikawa et al. (2013),RefList
"Hamajin, Dengying",545,0.545,dol,1.172352941,17,Tahata et al. (2013),RefList
Pastores ,543,0.543,lime,-3.345714286,35,Valladares et al. (2006),RefList
Shiyantou Fm.,543,0.543,shale,-1.123333333,76,Cremonese et al. (2013) PrecRes,RefList
Dahai Mb.,543,0.543,shale,4.349615385,26,Cremonese et al. (2013) PrecRes,RefList
Zhongyicun Mb.,543,0.543,shale,-4.182222222,49,Cremonese et al. (2013) PrecRes,RefList
Daibu Mb.,543,0.543,shale,-6.919090909,13,Cremonese et al. (2013) PrecRes,RefList
Dengying Fm.,543,0.543,shale,-0.337142857,7,Cremonese et al. (2013) PrecRes,RefList
"Shibantan, Dengying",540,0.54,lime,4.6365,20,Tahata et al. (2013),RefList
HAYES 1999 Jurassic-Cambrian,550,0.55,,0.5,,Hayes et al. (1999) Chem. Geo.,RefList
"Anti-Atlas, Morocco",543.3268261,0.543326826,carb,-2.147062731,542,Maloof et al. (2005),RefList
HAYES 1999 Jurassic-Cambrian,540,0.54,,0.52,,Hayes et al. (1999) Chem. Geo.,RefList
Yanjiahe Formation,540,0.54,shale,-2.328113208,106,Ishikawa et al. (2013),RefList
"Anti-Atlas, Morocco",537.7902215,0.537790221,carb,-1.114089552,67,Maloof et al. (2005),RefList
"Anti-Atlas, Morocco",531.979341,0.531979341,carb,2.35995935,123,Maloof et al. (2005),RefList
HAYES 1999 Jurassic-Cambrian,530,0.53,,-0.89,,Hayes et al. (1999) Chem. Geo.,RefList
Basal part of the Shuijingtuo Formation,530,0.53,shale,-2.4875,20,Ishikawa et al 2013,RefList
"Anti-Atlas, Morocco",526.653963,0.526653963,carb,1.214566416,399,Maloof et al. (2005),RefList
HAYES 1999 Jurassic-Cambrian,525,0.525,,-0.96,,Hayes et al. (1999) Chem. Geo.,RefList
"Anti-Atlas, Morocco",522.3061253,0.522306125,carb,-1.726619469,678,Maloof et al. (2005),RefList
Shuijingtuo Formation,520,0.52,shale,-0.72,38,Ishikawa et al. (2013),RefList
HAYES 1999 Jurassic-Cambrian,520,0.52,,-0.6,,Hayes et al. (1999) Chem. Geo.,RefList
"Anti-Atlas, Morocco",518.2355981,0.518235598,carb,-0.169690096,313,Maloof et al. (2005),RefList
HAYES 1999 Jurassic-Cambrian,515,0.515,,-0.16,,Hayes et al. (1999) Chem. Geo.,RefList
HAYES 1999 Jurassic-Cambrian,510,0.51,,-0.12,,Hayes et al. (1999) Chem. Geo.,RefList
HAYES 1999 Jurassic-Cambrian,505,0.505,,-0.27,,Hayes et al. (1999) Chem. Geo.,RefList
HAYES 1999 Jurassic-Cambrian,500,0.5,,-1.34,,Hayes et al. (1999) Chem. Geo.,RefList
HAYES 1999 Jurassic-Cambrian,495,0.495,,-1.11,,Hayes et al. (1999) Chem. Geo.,RefList
HAYES 1999 Jurassic-Cambrian,490,0.49,,-1.24,,Hayes et al. (1999) Chem. Geo.,RefList
HAYES 1999 Jurassic-Cambrian,485,0.485,,-1.24,,Hayes et al. (1999) Chem. Geo.,RefList
HAYES 1999 Jurassic-Cambrian,480,0.48,,-1.28,,Hayes et al. (1999) Chem. Geo.,RefList
HAYES 1999 Jurassic-Cambrian,475,0.475,,-1.11,,Hayes et al. (1999) Chem. Geo.,RefList
HAYES 1999 Jurassic-Cambrian,470,0.47,,-1.07,,Hayes et al. (1999) Chem. Geo.,RefList
HAYES 1999 Jurassic-Cambrian,465,0.465,,-0.8,,Hayes et al. (1999) Chem. Geo.,RefList
HAYES 1999 Jurassic-Cambrian,460,0.46,,-0.2,,Hayes et al. (1999) Chem. Geo.,RefList
HAYES 1999 Jurassic-Cambrian,455,0.455,,-0.13,,Hayes et al. (1999) Chem. Geo.,RefList
HAYES 1999 Jurassic-Cambrian,450,0.45,,0.23,,Hayes et al. (1999) Chem. Geo.,RefList
HAYES 1999 Jurassic-Cambrian,445,0.445,,1.2,,Hayes et al. (1999) Chem. Geo.,RefList
HAYES 1999 Jurassic-Cambrian,440,0.44,,1.66,,Hayes et al. (1999) Chem. Geo.,RefList
HAYES 1999 Jurassic-Cambrian,435,0.435,,1.57,,Hayes et al. (1999) Chem. Geo.,RefList
HAYES 1999 Jurassic-Cambrian,430,0.43,,1.65,,Hayes et al. (1999) Chem. Geo.,RefList
HAYES 1999 Jurassic-Cambrian,425,0.425,,1.51,,Hayes et al. (1999) Chem. Geo.,RefList
HAYES 1999 Jurassic-Cambrian,420,0.42,,2,,Hayes et al. (1999) Chem. Geo.,RefList
HAYES 1999 Jurassic-Cambrian,415,0.415,,2.2,,Hayes et al. (1999) Chem. Geo.,RefList
HAYES 1999 Jurassic-Cambrian,410,0.41,,2.59,,Hayes et al. (1999) Chem. Geo.,RefList
HAYES 1999 Jurassic-Cambrian,405,0.405,,3.01,,Hayes et al. (1999) Chem. Geo.,RefList
HAYES 1999 Jurassic-Cambrian,400,0.4,,1.66,,Hayes et al. (1999) Chem. Geo.,RefList
HAYES 1999 Jurassic-Cambrian,395,0.395,,0.91,,Hayes et al. (1999) Chem. Geo.,RefList
HAYES 1999 Jurassic-Cambrian,390,0.39,,0.89,,Hayes et al. (1999) Chem. Geo.,RefList
HAYES 1999 Jurassic-Cambrian,385,0.385,,0.73,,Hayes et al. (1999) Chem. Geo.,RefList
HAYES 1999 Jurassic-Cambrian,380,0.38,,0.65,,Hayes et al. (1999) Chem. Geo.,RefList
HAYES 1999 Jurassic-Cambrian,375,0.375,,0.89,,Hayes et al. (1999) Chem. Geo.,RefList
HAYES 1999 Jurassic-Cambrian,370,0.37,,0.89,,Hayes et al. (1999) Chem. Geo.,RefList
HAYES 1999 Jurassic-Cambrian,365,0.365,,1.32,,Hayes et al. (1999) Chem. Geo.,RefList
HAYES 1999 Jurassic-Cambrian,360,0.36,,2.12,,Hayes et al. (1999) Chem. Geo.,RefList
HAYES 1999 Jurassic-Cambrian,355,0.355,,2.76,,Hayes et al. (1999) Chem. Geo.,RefList
HAYES 1999 Jurassic-Cambrian,350,0.35,,3,,Hayes et al. (1999) Chem. Geo.,RefList
HAYES 1999 Jurassic-Cambrian,345,0.345,,2.97,,Hayes et al. (1999) Chem. Geo.,RefList
HAYES 1999 Jurassic-Cambrian,340,0.34,,2.59,,Hayes et al. (1999) Chem. Geo.,RefList
HAYES 1999 Jurassic-Cambrian,335,0.335,,2.58,,Hayes et al. (1999) Chem. Geo.,RefList
HAYES 1999 Jurassic-Cambrian,330,0.33,,2.71,,Hayes et al. (1999) Chem. Geo.,RefList
HAYES 1999 Jurassic-Cambrian,325,0.325,,3.08,,Hayes et al. (1999) Chem. Geo.,RefList
HAYES 1999 Jurassic-Cambrian,320,0.32,,4.03,,Hayes et al. (1999) Chem. Geo.,RefList
HAYES 1999 Jurassic-Cambrian,315,0.315,,4.36,,Hayes et al. (1999) Chem. Geo.,RefList
HAYES 1999 Jurassic-Cambrian,310,0.31,,4.52,,Hayes et al. (1999) Chem. Geo.,RefList
HAYES 1999 Jurassic-Cambrian,305,0.305,,4.17,,Hayes et al. (1999) Chem. Geo.,RefList
HAYES 1999 Jurassic-Cambrian,300,0.3,,3.99,,Hayes et al. (1999) Chem. Geo.,RefList
HAYES 1999 Jurassic-Cambrian,295,0.295,,3.91,,Hayes et al. (1999) Chem. Geo.,RefList
HAYES 1999 Jurassic-Cambrian,290,0.29,,3.78,,Hayes et al. (1999) Chem. Geo.,RefList
HAYES 1999 Jurassic-Cambrian,285,0.285,,3.82,,Hayes et al. (1999) Chem. Geo.,RefList
HAYES 1999 Jurassic-Cambrian,280,0.28,,4.04,,Hayes et al. (1999) Chem. Geo.,RefList
HAYES 1999 Jurassic-Cambrian,275,0.275,,3.33,,Hayes et al. (1999) Chem. Geo.,RefList
HAYES 1999 Jurassic-Cambrian,270,0.27,,2.87,,Hayes et al. (1999) Chem. Geo.,RefList
HAYES 1999 Jurassic-Cambrian,265,0.265,,3.61,,Hayes et al. (1999) Chem. Geo.,RefList
HAYES 1999 Jurassic-Cambrian,260,0.26,,4.3,,Hayes et al. (1999) Chem. Geo.,RefList
HAYES 1999 Jurassic-Cambrian,255,0.255,,4.05,,Hayes et al. (1999) Chem. Geo.,RefList
HAYES 1999 Jurassic-Cambrian,250,0.25,,3.72,,Hayes et al. (1999) Chem. Geo.,RefList
HAYES 1999 Jurassic-Cambrian,245,0.245,,2.57,,Hayes et al. (1999) Chem. Geo.,RefList
HAYES 1999 Jurassic-Cambrian,240,0.24,,1.5,,Hayes et al. (1999) Chem. Geo.,RefList
HAYES 1999 Jurassic-Cambrian,235,0.235,,1.69,,Hayes et al. (1999) Chem. Geo.,RefList
HAYES 1999 Jurassic-Cambrian,230,0.23,,1.87,,Hayes et al. (1999) Chem. Geo.,RefList
HAYES 1999 Jurassic-Cambrian,225,0.225,,3.02,,Hayes et al. (1999) Chem. Geo.,RefList
HAYES 1999 Jurassic-Cambrian,220,0.22,,3.26,,Hayes et al. (1999) Chem. Geo.,RefList
HAYES 1999 Jurassic-Cambrian,215,0.215,,1.76,,Hayes et al. (1999) Chem. Geo.,RefList
HAYES 1999 Jurassic-Cambrian,210,0.21,,1.72,,Hayes et al. (1999) Chem. Geo.,RefList
HAYES 1999 Jurassic-Cambrian,205,0.205,,1.71,,Hayes et al. (1999) Chem. Geo.,RefList
HAYES 1999 Jurassic-Cambrian,200,0.2,,1.57,,Hayes et al. (1999) Chem. Geo.,RefList
HAYES 1999 Jurassic-Cambrian,195,0.195,,1.68,,Hayes et al. (1999) Chem. Geo.,RefList
HAYES 1999 Jurassic-Cambrian,190,0.19,,1.84,,Hayes et al. (1999) Chem. Geo.,RefList
HAYES 1999 Jurassic-Cambrian,185,0.185,,1.79,,Hayes et al. (1999) Chem. Geo.,RefList
HAYES 1999 Jurassic-Cambrian,180,0.18,,2.09,,Hayes et al. (1999) Chem. Geo.,RefList
HAYES 1999 Jurassic-Cambrian,175,0.175,,1.49,,Hayes et al. (1999) Chem. Geo.,RefList
HAYES 1999 Jurassic-Cambrian,170,0.17,,0.84,,Hayes et al. (1999) Chem. Geo.,RefList
HAYES 1999 Jurassic-Cambrian,165,0.165,,2.33,,Hayes et al. (1999) Chem. Geo.,RefList
HAYES 1999 Jurassic-Cambrian,160,0.16,,2.09,,Hayes et al. (1999) Chem. Geo.,RefList
HAYES 1999 Jurassic-Cambrian,155,0.155,,1.68,,Hayes et al. (1999) Chem. Geo.,RefList
HAYES 1999 Jurassic-Cambrian,150,0.15,,1.63,,Hayes et al. (1999) Chem. Geo.,RefList
HAYES 1999 Jurassic-Cambrian,145,0.145,,0.86,,Hayes et al. (1999) Chem. Geo.,RefList
HAYES 1999 Jurassic-Cambrian,140,0.14,,0.76,,Hayes et al. (1999) Chem. Geo.,RefList
HAYES 1999 Cretaceous-Cenozoic,143.2,0.1432,,0.80,,Hayes et al. (1999) Chem. Geo.,RefList
HAYES 1999 Cretaceous-Cenozoic,137.9,0.1379,,1.10,,Hayes et al. (1999) Chem. Geo.,RefList
HAYES 1999 Cretaceous-Cenozoic,133.4,0.1334,,1.50,,Hayes et al. (1999) Chem. Geo.,RefList
HAYES 1999 Cretaceous-Cenozoic,128.2,0.1282,,2.00,,Hayes et al. (1999) Chem. Geo.,RefList
HAYES 1999 Cretaceous-Cenozoic,118.3,0.1183,,3.10,,Hayes et al. (1999) Chem. Geo.,RefList
HAYES 1999 Cretaceous-Cenozoic,104.5,0.1045,,2.30,,Hayes et al. (1999) Chem. Geo.,RefList
HAYES 1999 Cretaceous-Cenozoic,93.7,0.0937,,1.50,,Hayes et al. (1999) Chem. Geo.,RefList
HAYES 1999 Cretaceous-Cenozoic,89.5,0.0895,,1.90,,Hayes et al. (1999) Chem. Geo.,RefList
HAYES 1999 Cretaceous-Cenozoic,87.6,0.0876,,1.10,,Hayes et al. (1999) Chem. Geo.,RefList
HAYES 1999 Cretaceous-Cenozoic,84.8,0.0848,,1.70,,Hayes et al. (1999) Chem. Geo.,RefList
HAYES 1999 Cretaceous-Cenozoic,78.5,0.0785,,1.50,,Hayes et al. (1999) Chem. Geo.,RefList
HAYES 1999 Cretaceous-Cenozoic,69.5,0.0695,,1.90,,Hayes et al. (1999) Chem. Geo.,RefList
HAYES 1999 Cretaceous-Cenozoic,63.0,0.063,,2.20,,Hayes et al. (1999) Chem. Geo.,RefList
HAYES 1999 Cretaceous-Cenozoic,57.9,0.0579,,3.10,,Hayes et al. (1999) Chem. Geo.,RefList
HAYES 1999 Cretaceous-Cenozoic,51.9,0.0519,,2.05,,Hayes et al. (1999) Chem. Geo.,RefList
HAYES 1999 Cretaceous-Cenozoic,43.0,0.043,,2.20,,Hayes et al. (1999) Chem. Geo.,RefList
HAYES 1999 Cretaceous-Cenozoic,35.3,0.0353,,2.15,,Hayes et al. (1999) Chem. Geo.,RefList
HAYES 1999 Cretaceous-Cenozoic,31.1,0.0311,,2.30,,Hayes et al. (1999) Chem. Geo.,RefList
HAYES 1999 Cretaceous-Cenozoic,26.2,0.0262,,2.10,,Hayes et al. (1999) Chem. Geo.,RefList
HAYES 1999 Cretaceous-Cenozoic,20.1,0.0201,,2.45,,Hayes et al. (1999) Chem. Geo.,RefList
HAYES 1999 Cretaceous-Cenozoic,13.8,0.0138,,1.95,,Hayes et al. (1999) Chem. Geo.,RefList
HAYES 1999 Cretaceous-Cenozoic,8.3,0.0083,,1.50,,Hayes et al. (1999) Chem. Geo.,RefList
HAYES 1999 Cretaceous-Cenozoic,3.5,0.0035,,0.85,,Hayes et al. (1999) Chem. Geo.,RefList
HAYES 1999 Cretaceous-Cenozoic,0.9,0.0009,,0.15,,Hayes et al. (1999) Chem. Geo.,RefList