Reference,Sample/Reference notes,Lithology,Metamorphic grade,Group,Formation,Age/age estimate,d13C,H/C,TOC
Brocks McRae 2003,Roy 11,shale,sub greenschist,Hamersley,McRae Shale,2.615,-41.5,0.2,
Brocks McRae 2003,Rae 1,shale,sub greenschist,Hamersley,McRae Shale,2.615,-32.2,0.2,
Brocks McRae 2003,Bee1,shale,sub greenschist,Hamersley,McRae Shale,2.615,-33.5,0.2,
Marshall et al 2007,1904-11,chert,sub greenschist,"Strelley Pool Chert, Pilbara",,3.255,-34,0.02,
Marshall et al 2007,1904-15,chert,sub greenschist,"Strelley Pool Chert, Pilbara",,3.255,-35,0.14,
Marshall et al 2007,140603-5,chert,sub greenschist,"Strelley Pool Chert, Pilbara",,3.255,-35.2,0.33,
Marshall et al 2007,120803-5,chert,sub greenschist,"Strelley Pool Chert, Pilbara",,3.255,-28.3,0.46,
Marshall et al 2007,120803-8,chert,sub greenschist,"Strelley Pool Chert, Pilbara",,3.255,-35.8,0.08,
Brocks Mount Bruce 2003,Rae1,shale,sub greenschist,Hamersley,"McRae Shale, Hamersley",2.5,-32.2,,
Brocks Mount Bruce 2003,Rae2,shale,sub greenschist,Hamersley,"McRae Shale, Hamersley",2.5,-32.8,,
Brocks Mount Bruce 2003,Bee1,shale,sub greenschist,Hamersley,"McRae Shale, Hamersley",2.5,-33.5,,
Brocks Mount Bruce 2003,Dal1,shale,sub greenschist,Hamersley,"Brockman Iron Fm, Hamersley",2.47,-32,,
Brocks Mount Bruce 2003,Rae3,shale,sub greenschist,Hamersley,"McRae Shale, Hamersley",2.5,-34.6,,
Brocks Mount Bruce 2003,Mam2,shale,sub greenschist,Hamersley,"Nammuldi Mm, Marra Mamba Iron Fm",2.597,-41.3,,
Brocks Mount Bruce 2003,Mam1,shale,sub greenschist,Hamersley,"Nammuldi Mm, Marra Mamba Iron Fm",2.597,-46.8,,
Brocks Mount Bruce 2003,Roy1,shale,sub greenschist,Fortescue,"Roy Hill Shale, Jeerinah, Fortescue",2.7,-39.5,,
Brocks Mount Bruce 2003,Roy10,shale,sub greenschist,Fortescue,"Roy Hill Shale, Jeerinah, Fortescue",2.7,-40.3,,
Brocks Mount Bruce 2003,Roy2,shale,sub greenschist,Fortescue,"Roy Hill Shale, Jeerinah, Fortescue",2.7,-39.6,,
Brocks Mount Bruce 2003,Roy11,shale,sub greenschist,Fortescue,"Roy Hill Shale, Jeerinah, Fortescue",2.7,-41.5,,
Brocks Mount Bruce 2003,Roy3,shale,sub greenschist,Fortescue,"Roy Hill Shale, Jeerinah, Fortescue",2.7,-41.1,,
Brocks Mount Bruce 2003,War5,shale,sub greenschist,Fortescue,"Warrie Mb, Jeerinah, Fortescue",2.7,-44.6,,
Brocks Mount Bruce 2003,War1,chert,sub greenschist,Fortescue,"Warrie Mb, Jeerinah, Fortescue",2.7,-37.1,,
Brocks Mount Bruce 2003,Har1,shale,sub greenschist,Fortescue,"Hardey Fm, Fortescue",2.7,-32.9,,
Brocks Mount Bruce 2003,War2,shale,sub greenschist,Fortescue,"Warrie Mb, Jeerinah, Fortescue",2.7,-47.4,,
Brocks Mount Bruce 2003,Tum1,shale,sub greenschist,Fortescue,"Tumbiana Fm, Fortescue",2.724,-46.5,,
Brocks Mount Bruce 2003,FVG1,shale,sub greenschist,Fortescue,"Roy Hill Shale, Jeerinah, Fortescue",2.7,-44.1,,
Brocks Mount Bruce 2003,FVG2,shale,sub greenschist,Fortescue,"Warrie Mb, Jeerinah, Fortescue",2.7,-45.6,,
Hayes 1983 Precambrian carbon,299-1,carbonate,sub greenschist,Transvaal Supergroup,,2.2,-35,0.14,
Hayes 1983 Precambrian carbon,304-1,carbonate,sub greenschist,Transvaal Supergroup,,2.2,-32.5,0.2,
Hayes 1983 Precambrian carbon,304-1,carbonate,sub greenschist,Transvaal Supergroup,,2.2,-32.5,0.22,
Hayes 1983 Precambrian carbon,357-1,shale,sub greenschist,Hamersley Group,,2.5,-35.3,0.11,
Hayes 1983 Precambrian carbon,368-1,shale carbonate,sub greenschist,Hamersley Group,,2.5,-41.8,0.14,
Hayes 1983 Precambrian carbon,325-1,chert,greenschist,Steeprock group,,2.6,-27.2,0.17,
Hayes 1983 Precambrian carbon,325-1,chert,greenschist,Steeprock Group,,2.6,-27.2,0.17,
Hayes 1983 Precambrian carbon,293-1,chert,greenschist,Ventersdorp Supergroup,,2.6,-38.5,0.14,
Hayes 1983 Precambrian carbon,225-1,chert,upper greenschist,Majeri Fm,,2.6,-33,0.15,
Hayes 1983 Precambrian carbon,225-1,chert,upper greenschist,Manjeri Fm,,2.6,-33.2,0.11,
Hayes 1983 Precambrian carbon,254-1,carbonate,greenschist,Bulawayan Group,,2.6,-31.2,0.098,
Hayes 1983 Precambrian carbon,027-1,chert,sub greenschist,Fortescue Group,,2.8,-51.2,0.25,
Hayes 1983 Precambrian carbon,038-1,shale,sub greenschist,Fortescue Group,,2.8,-41,0.14,
Hayes 1983 Precambrian carbon,266-1,shale,greenschist,Mozaan Group,,3,-27.3,0.11,
Hayes 1983 Precambrian carbon,022-1,shale,greenschist,Gorge Creek Group,,3.4,-29.9,0.095,
Hayes 1983 Precambrian carbon,022-1,shale,greenschist,Gorge Creek Group,,3.4,-30.6,0.078,
Hayes 1983 Precambrian carbon,022-1,shale,greenschist,Gorge Creek Group,,3.4,-29.9,0.085,
Hayes 1983 Precambrian carbon,002-1,chert,lower greenschist,Warrawoona Group,,3.5,-34.3,0.03,
Hayes 1983 Precambrian carbon,004-1,chert,lower greenschist,Warrawoona Group,,3.5,-35.9,0.17,
Hayes 1983 Precambrian carbon,004-1,chert,lower greenschist,Warrawoona Group,,3.5,-36.1,0.16,
Hayes 1983 Precambrian carbon,016-1,chert,lower greenschist,warrawoona Group,,3.5,-35.2,0.3,
Hayes 1983 Precambrian carbon,182-1,chert,greenschist,Swaziland sequence,,3.5,-34.3,0.12,
Hayes 1983 Precambrian carbon,182-1,chert,greenschist,Swaziland sequence,,3.5,-31.7,0.12,
Hayes 1983 Precambrian carbon,189-1,chert,greenschist,Swaziland sequence,,3.5,-29.9,0.13,
Hayes 1983 Precambrian carbon,198-1,chert,greenschist,Swaziland sequence,,3.5,-32,0.096,
Hayes 1983 Precambrian carbon,199-1,chert,greenschist,Swaziland sequence,,3.5,-26.6,0.085,
Hayes 1983 Precambrian carbon,215-1,chert,greenschist,Swaziland sequence,,3.5,-31.9,0.16,
Hayes 1983 Precambrian carbon,215-1,chert,greenschist,Swaziland sequence,,3.5,-31.9,0.16,
Hayes 1983 Precambrian carbon,181-1,shale,greenschist,Swaziland sequence,,3.5,-15.4,0.019,
Hayes 1983 Precambrian carbon,465-1,volcanics,amphibolite,Isua Supracrustal,,3.8,-10,0.016,
Hayes 1983 Precambrian carbon,466-1`,schist,amphibolite,isua Supracrustal,,3.8,-13.2,0.012,
Slotznick and Fischer 2016,Org_TA1,sandstone,,Fortescue,Tumbiana (Meentheena Member),2.72,-53.2,,
Slotznick and Fischer 2016,"Org_TB2,1",sandstone,,Fortescue,Tumbiana (Meentheena Member),2.72,-49.91,,
Slotznick and Fischer 2016,"Org_TB2,2",sandstone,,Fortescue,Tumbiana (Meentheena Member),2.72,-52.07,,
Duda et al 2018,,chert,,Warrawoona,Dresser,3.5,-32.8,,
Ueno et al 2002,K612,amphibolite,lower amphibolite,Isua,,3.8,-14.3,,
Ueno et al 2002,K612,amphibolite,lower amphibolite,Isua,,3.8,-10.5,,
Ueno et al 2002,K612,amphibolite,lower amphibolite,Isua,,3.8,-9.5,,
Ueno et al 2002,K612,amphibolite,lower amphibolite,Isua,,3.8,-9.6,,
Ueno et al 2002,K612,amphibolite,lower amphibolite,Isua,,3.8,-11.1,,
Ueno et al 2002,K612,amphibolite,lower amphibolite,Isua,,3.8,-6.4,,
Ueno et al 2002,K612,amphibolite,lower amphibolite,Isua,,3.8,-1.9,,
Ueno et al 2002,K612,amphibolite,lower amphibolite,Isua,,3.8,-9.6,,
Ueno et al 2002,K451,amphibolite,amphibolite,Isua,,3.8,-2.7,,
Ueno et al 2002,K451,amphibolite,amphibolite,Isua,,3.8,-3.1,,
Ueno et al 2002,K612,amphibolite,lower amphibolite,Isua,,3.8,-1.7,,
Ueno et al 2002,k244,amphibolite,amphibolite,Isua,,3.8,-5.2,,
Ueno et al 2002,k244,amphibolite,amphibolite,Isua,,3.8,-7,,
Ueno et al 2002,k244,amphibolite,amphibolite,Isua,,3.8,-6.6,,
Ueno et al 2002,k244,amphibolite,amphibolite,Isua,,3.8,-4.5,,
Ueno et al 2002,k485,amphibolite,amphibolite,Isua,,3.8,-17.5,,
Ueno et al 2002,k485,amphibolite,amphibolite,Isua,,3.8,-14.6,,
Ueno et al 2002,k486,amphibolite,amphibolite,Isua,,3.8,-14,,
Ueno et al 2002,k485,amphibolite,amphibolite,Isua,,3.8,-16.5,,
Ueno et al 2002,k479,amphibolite,amphibolite,Isua,,3.8,-6.9,,
Ueno et al 2002,k479,amphibolite,amphibolite,Isua,,3.8,-4.2,,
Ueno et al 2002,k479,amphibolite,amphibolite,Isua,,3.8,-6.9,,
Ueno et al 2002,k479,amphibolite,amphibolite,Isua,,3.8,-7.4,,
Ueno et al 2002,k612,amphibolite,lower amphibolite,Isua,,3.8,1.8,,
Ueno et al 2002,k612,amphibolite,lower amphibolite,Isua,,3.8,-15.3,,
Ueno et al 2002,k612,amphibolite,lower amphibolite,Isua,,3.8,-17.3,,
Ueno et al 2002,k612,amphibolite,lower amphibolite,Isua,,3.8,-11.5,,
Ueno et al 2002,k612,amphibolite,lower amphibolite,Isua,,3.8,-12.9,,
Ueno et al 2002,k612,amphibolite,lower amphibolite,Isua,,3.8,-0.5,,
Ueno et al 2002,k612,amphibolite,lower amphibolite,Isua,,3.8,-8.3,,
Ueno et al 2002,k426,amphibolite,amphibolite,Isua,,3.8,-14.5,,
Ueno et al 2002,k426,amphibolite,amphibolite,Isua,,3.8,-15.5,,
Ueno et al 2002,k424,amphibolite,amphibolite,Isua,,3.8,-12.5,,
Ueno et al 2002,k424,amphibolite,amphibolite,Isua,,3.8,-7.6,,
Ueno et al 2002,k424,amphibolite,amphibolite,Isua,,3.8,-10.2,,
Ueno et al 2002,k424,amphibolite,amphibolite,Isua,,3.8,-12,,
Ueno et al 2002,k424,amphibolite,amphibolite,Isua,,3.8,-15.1,,
Ueno et al 2002,k426,amphibolite,amphibolite,Isua,,3.8,-14.4,,
Ueno et al 2002,k426,amphibolite,amphibolite,Isua,,3.8,-9.1,,
Ueno et al 2002,k484,amphibolite,amphibolite,Isua,,3.8,-13.4,,
Ueno et al 2002,k484,amphibolite,amphibolite,Isua,,3.8,-16.1,,
Ueno et al 2002,k484,amphibolite,amphibolite,Isua,,3.8,-10.5,,
Ueno et al 2002,k463,amphibolite,amphibolite,Isua,,3.8,-9.6,,
Ueno et al 2002,k463,amphibolite,amphibolite,Isua,,3.8,-12.6,,
Ueno et al 2002,k463,amphibolite,amphibolite,Isua,,3.8,-9.2,,
"Schoell and Wellmer, 1981",102PQ,volcanics,greenschist,Superior,Wabigoon Belt,2.8,-25.9,,
"Schoell and Wellmer, 1981",U6,volcanics,greenschist,Superior,Wabigoon Belt,2.8,-22.5,,
"Schoell and Wellmer, 1981",A3/1,volcanics,greenschist,Superior,Wawa Belt,2.75,-26.9,,
"Schoell and Wellmer, 1981",A3/2,volcanics,greenschist,Superior,Wawa Belt,2.75,-26.9,,
"Schoell and Wellmer, 1981",S2,volcanics,greenschist,Superior,Wabigoon Belt,2.8,-24.6,,
"Schoell and Wellmer, 1981",K1,volcanics,greenschist,Superior,Wabigoon Belt,2.8,-21,,
"Schoell and Wellmer, 1981",K10,volcanics,greenschist,Superior,Wabigoon Belt,2.8,-25.2,,
"Schoell and Wellmer, 1981",K2,volcanics,greenschist,Superior,Wabigoon Belt,2.8,-35.5,,
"Schoell and Wellmer, 1981",K6,volcanics,greenschist,Superior,Wabigoon Belt,2.8,-38.3,,
"Schoell and Wellmer, 1981",X1,volcanics,greenschist,Superior,Abitibi Belt,2.75,-43.8,,
Eigenbrode and Freeman 2006,WRL1338.57,dolomite,sub greenschist,Hamersley,Carawine Dolomite,2.5,-43.6,,
Eigenbrode and Freeman 2006,RHDH2a111.1,dolomite,sub greenschist,Hamersley,Carawine Dolomite,2.5,-43.6,,
Eigenbrode and Freeman 2006,RHDH2a- 116.4,dolomite,sub greenschist,Hamersley,Carawine Dolomite,2.5,-40.4,,
Eigenbrode and Freeman 2006,RHDH2a- 117.3,dolomite,sub greenschist,Hamersley,Carawine Dolomite,2.5,-43.5,,
Eigenbrode and Freeman 2006,RHDH2a- 124.3,dolomite,sub greenschist,Hamersley,Carawine Dolomite,2.5,-43.1,,
Eigenbrode and Freeman 2006,RHDH2a- 126.1,dolomite,sub greenschist,Hamersley,Carawine Dolomite,2.5,-42,,
Eigenbrode and Freeman 2006,RHDH2a- 135.6,dolomite,sub greenschist,Hamersley,Carawine Dolomite,2.5,-45.5,,
Eigenbrode and Freeman 2006,RHDH2a- 136.0,dolomite,sub greenschist,Hamersley,Carawine Dolomite,2.5,-45.9,,
Eigenbrode and Freeman 2006,RHDH2a- 141.0,dolomite,sub greenschist,Hamersley,Carawine Dolomite,2.5,-43.7,,
Eigenbrode and Freeman 2006,RHDH2a- 141.7,dolomite,sub greenschist,Hamersley,Carawine Dolomite,2.5,-38.3,,
Eigenbrode and Freeman 2006,RHDH2a- 145.1,dolomite,sub greenschist,Hamersley,Carawine Dolomite,2.5,-47.4,,
Eigenbrode and Freeman 2006,RHDH2a- 145.5,dolomite,sub greenschist,Hamersley,Carawine Dolomite,2.5,-50.2,,
Eigenbrode and Freeman 2006,RHDH2a- 146.7,dolomite,sub greenschist,Hamersley,Carawine Dolomite,2.5,-48,,
Eigenbrode and Freeman 2006,RHDH2a- 157.3,dolomite,sub greenschist,Hamersley,Carawine Dolomite,2.5,-36.5,,
Eigenbrode and Freeman 2006,RHDH2a- 159.2,dolomite,sub greenschist,Hamersley,Carawine Dolomite,2.5,-50,,
Eigenbrode and Freeman 2006,RHDH2a- 161.0,dolomite,sub greenschist,Hamersley,Carawine Dolomite,2.5,-49.6,,
Eigenbrode and Freeman 2006,RHDH2a- 161.7,dolomite,sub greenschist,Hamersley,Carawine Dolomite,2.5,-46.8,,
Eigenbrode and Freeman 2006,RHDH2a- 195.7,dolomite,sub greenschist,Hamersley,Carawine Dolomite,2.5,-37.2,,
Eigenbrode and Freeman 2006,RHDH2a- 205.3,dolomite,sub greenschist,Hamersley,Carawine Dolomite,2.5,-43.2,,
Eigenbrode and Freeman 2006,RHDH2a- 216.8,dolomite,sub greenschist,Hamersley,Carawine Dolomite,2.5,-45.1,,
Eigenbrode and Freeman 2006,RHDH2a218.2,dolomite,sub greenschist,Hamersley,Carawine Dolomite,2.5,-43.1,,
Eigenbrode and Freeman 2006,RHDH2a221.4,dolomite,sub greenschist,Hamersley,Carawine Dolomite,2.5,-42.8,,
Eigenbrode and Freeman 2006,RHDH2a223.0,dolomite,sub greenschist,Hamersley,Carawine Dolomite,2.5,-40,,
Eigenbrode and Freeman 2006,RHDH2a228.7,dolomite,sub greenschist,Hamersley,Carawine Dolomite,2.5,-39.2,,
Eigenbrode and Freeman 2006,RHDH2a240.6,dolomite,sub greenschist,Hamersley,Carawine Dolomite,2.5,-43.3,,
Eigenbrode and Freeman 2006,RHDH2a243.6,dolomite,sub greenschist,Hamersley,Carawine Dolomite,2.5,-48.7,,
Eigenbrode and Freeman 2006,RHDH2a252.0,dolomite,sub greenschist,Hamersley,Carawine Dolomite,2.5,-47.9,,
Eigenbrode and Freeman 2006,RHDH2a252.2,dolomite,sub greenschist,Hamersley,Carawine Dolomite,2.5,-44.8,,
Eigenbrode and Freeman 2006,RHDH2a253.6,dolomite,sub greenschist,Hamersley,Carawine Dolomite,2.5,-43.2,,
Eigenbrode and Freeman 2006,RHDH2a254.0,dolomite,sub greenschist,Hamersley,Carawine Dolomite,2.5,-44.1,,
Eigenbrode and Freeman 2006,RHDH2a255.7,shale,sub greenschist,Fortescue,Jeerinah Shale,2.65,-40.2,,
Eigenbrode and Freeman 2006,RHDH2a255.9,shale,sub greenschist,Fortescue,Jeerinah Shale,2.65,-42.1,,
Eigenbrode and Freeman 2006,RHDH2a263.2,shale,sub greenschist,Fortescue,Jeerinah Shale,2.65,-42.8,,
Eigenbrode and Freeman 2006,RHDH2a269.5,shale,sub greenschist,Fortescue,Jeerinah Shale,2.65,-44.8,,
Eigenbrode and Freeman 2006,RHDH2a278.4,shale,sub greenschist,Fortescue,Jeerinah Shale,2.65,-43.4,,
Eigenbrode and Freeman 2006,RHDH2a285.3,shale,sub greenschist,Fortescue,Jeerinah Shale,2.65,-39.8,,
Eigenbrode and Freeman 2006,RHDH2a290.6,shale,sub greenschist,Fortescue,Jeerinah Shale,2.65,-42.6,,
Eigenbrode and Freeman 2006,RHDH2a291.2,shale,sub greenschist,Fortescue,Jeerinah Shale,2.65,-42.7,,
Eigenbrode and Freeman 2006,RHDH2a291.7,shale,sub greenschist,Fortescue,Jeerinah Shale,2.65,-42.6,,
Eigenbrode and Freeman 2006,RHDH2a296.9,shale,sub greenschist,Fortescue,Jeerinah Shale,2.65,-42.8,,
Eigenbrode and Freeman 2006,RHDH2a299.3,shale,sub greenschist,Fortescue,Jeerinah Shale,2.65,-40.1,,
Eigenbrode and Freeman 2006,RHDH2a301.5,shale,sub greenschist,Fortescue,Jeerinah Shale,2.65,-42.6,,
Eigenbrode and Freeman 2006,RHDH2a301.6,shale,sub greenschist,Fortescue,Jeerinah Shale,2.65,-41.6,,
Eigenbrode and Freeman 2006,RHDH2a303.3,shale,sub greenschist,Fortescue,Jeerinah Shale,2.65,-45.1,,
Eigenbrode and Freeman 2006,RHDH2a311.6,shale,sub greenschist,Fortescue,Jeerinah Shale,2.65,-43.9,,
Eigenbrode and Freeman 2006,RHDH2a326.4,shale,sub greenschist,Fortescue,Jeerinah Shale,2.65,-43.2,,
Eigenbrode and Freeman 2006,RHDH2a333.5,shale,sub greenschist,Fortescue,Jeerinah Shale,2.65,-41.6,,
Eigenbrode and Freeman 2006,RHDH2a337.0,shale,sub greenschist,Fortescue,Jeerinah Shale,2.65,-41.9,,
Eigenbrode and Freeman 2006,RHDH2a338.6,shale,sub greenschist,Fortescue,Jeerinah Shale,2.65,-41.2,,
Eigenbrode and Freeman 2006,RHDH2a343.0,shale,sub greenschist,Fortescue,Jeerinah Shale,2.65,-41.5,,
Eigenbrode and Freeman 2006,RHDH2a354.0,shale,sub greenschist,Fortescue,Jeerinah Shale,2.65,-42,,
Eigenbrode and Freeman 2006,RHDH2a368.8,shale,sub greenschist,Fortescue,Jeerinah Shale,2.65,-40.5,,
Eigenbrode and Freeman 2006,RHDH2a369.6,shale,sub greenschist,Fortescue,Jeerinah Shale,2.65,-41,,
Eigenbrode and Freeman 2006,RHDH2a374.2,shale,sub greenschist,Fortescue,Jeerinah Shale,2.65,-43,,
Eigenbrode and Freeman 2006,RHDH2a385.5,shale,sub greenschist,Fortescue,Jeerinah Shale,2.65,-43.4,,
Eigenbrode and Freeman 2006,RHDH2a405.3,shale,sub greenschist,Fortescue,Jeerinah Shale,2.65,-42.1,,
Eigenbrode and Freeman 2006,RHDH2a435.0,shale,sub greenschist,Fortescue,Jeerinah Shale,2.65,-42.6,,
Eigenbrode and Freeman 2006,RHDH2a445.2,shale,sub greenschist,Fortescue,Jeerinah Shale,2.65,-45.4,,
Eigenbrode and Freeman 2006,RHDH2a447.2,shale,sub greenschist,Fortescue,Jeerinah Shale,2.65,-46.8,,
Eigenbrode and Freeman 2006,RHDH2a449.8,shale,sub greenschist,Fortescue,Jeerinah Shale,2.65,-46.1,,
Eigenbrode and Freeman 2006,RHDH2a463.1,shale,sub greenschist,Fortescue,Jeerinah Shale,2.65,-45.2,,
Eigenbrode and Freeman 2006,RHDH2a468.5,shale,sub greenschist,Fortescue,Jeerinah Shale,2.65,-44.9,,
Eigenbrode and Freeman 2006,RHDH2a470.3,shale,sub greenschist,Fortescue,Jeerinah Shale,2.65,-43.3,,
Eigenbrode and Freeman 2006,RHDH2a475.2,shale,sub greenschist,Fortescue,Jeerinah Shale,2.65,-43.1,,
Eigenbrode and Freeman 2006,RHDH2a479.3,shale,sub greenschist,Fortescue,Jeerinah Shale,2.65,-43.6,,
Eigenbrode and Freeman 2006,RHDH2a485.2,shale,sub greenschist,Fortescue,Jeerinah Shale,2.65,-44.3,,
Eigenbrode and Freeman 2006,RHDH2a487.8,shale,sub greenschist,Fortescue,Jeerinah Shale,2.65,-44.6,,
Eigenbrode and Freeman 2006,RHDH2a496.1,shale,sub greenschist,Fortescue,Jeerinah Shale,2.65,-45.1,,
Eigenbrode and Freeman 2006,RHDH2a497.5,shale,sub greenschist,Fortescue,Jeerinah Shale,2.65,-44,,
Eigenbrode and Freeman 2006,SV128.1,carbonate,sub greenschist,Fortescue,Tumbiana Fm,2.72,-45.6,,
Eigenbrode and Freeman 2006,SV151.6,carbonate,sub greenschist,Fortescue,Tumbiana Fm,2.72,-48.7,,
Eigenbrode and Freeman 2006,SV155.0,carbonate,sub greenschist,Fortescue,Tumbiana Fm,2.72,-43.4,,
Eigenbrode and Freeman 2006,SV155.3,carbonate,sub greenschist,Fortescue,Tumbiana Fm,2.72,-49.7,,
Eigenbrode and Freeman 2006,SV160.6,carbonate,sub greenschist,Fortescue,Tumbiana Fm,2.72,-47.1,,
Eigenbrode and Freeman 2006,SV165.6,carbonate,sub greenschist,Fortescue,Tumbiana Fm,2.72,-46.4,,
Eigenbrode and Freeman 2006,SV170.9,carbonate,sub greenschist,Fortescue,Tumbiana Fm,2.72,-44.1,,
Eigenbrode and Freeman 2006,SV173.4,carbonate,sub greenschist,Fortescue,Tumbiana Fm,2.72,-44,,
Eigenbrode and Freeman 2006,SV181.3,carbonate,sub greenschist,Fortescue,Tumbiana Fm,2.72,-44.2,,
Eigenbrode and Freeman 2006,SV184.9,carbonate,sub greenschist,Fortescue,Tumbiana Fm,2.72,-45.8,,
Eigenbrode and Freeman 2006,SV192.4,carbonate,sub greenschist,Fortescue,Tumbiana Fm,2.72,-42.9,,
Eigenbrode and Freeman 2006,SV198.23,carbonate,sub greenschist,Fortescue,Tumbiana Fm,2.72,-48.6,,
Eigenbrode and Freeman 2006,SV198.27,carbonate,sub greenschist,Fortescue,Tumbiana Fm,2.72,-45.2,,
Eigenbrode and Freeman 2006,SV1100.1,carbonate,sub greenschist,Fortescue,Tumbiana Fm,2.72,-43.5,,
Eigenbrode and Freeman 2006,SV1103.3,carbonate,sub greenschist,Fortescue,Tumbiana Fm,2.72,-45.7,,
Eigenbrode and Freeman 2006,SV1105.4,carbonate,sub greenschist,Fortescue,Tumbiana Fm,2.72,-44.6,,
Eigenbrode and Freeman 2006,SV1105.6,carbonate,sub greenschist,Fortescue,Tumbiana Fm,2.72,-43.8,,
Eigenbrode and Freeman 2006,SV1105.6,carbonate,sub greenschist,Fortescue,Tumbiana Fm,2.72,-44.7,,
Eigenbrode and Freeman 2006,SV1110.4,carbonate,sub greenschist,Fortescue,Tumbiana Fm,2.72,-46.4,,
Eigenbrode and Freeman 2006,SV1116.7,carbonate,sub greenschist,Fortescue,Tumbiana Fm,2.72,-45.7,,
Eigenbrode and Freeman 2006,SV1117.0,carbonate,sub greenschist,Fortescue,Tumbiana Fm,2.72,-46.3,,
Eigenbrode and Freeman 2006,SV1122.3,carbonate,sub greenschist,Fortescue,Tumbiana Fm,2.72,-47.2,,
Eigenbrode and Freeman 2006,SV1126.4,carbonate,sub greenschist,Fortescue,Tumbiana Fm,2.72,-48.6,,
Eigenbrode and Freeman 2006,SV1132.7,carbonate,sub greenschist,Fortescue,Tumbiana Fm,2.72,-47,,
Eigenbrode and Freeman 2006,SV1140.5,carbonate,sub greenschist,Fortescue,Tumbiana Fm,2.72,-44.7,,
Eigenbrode and Freeman 2006,SV1158.5,carbonate,sub greenschist,Fortescue,Tumbiana Fm,2.72,-47.6,,
Eigenbrode and Freeman 2006,SV1164.0,carbonate,sub greenschist,Fortescue,Tumbiana Fm,2.72,-46.8,,
Eigenbrode and Freeman 2006,SV1165.7,carbonate,sub greenschist,Fortescue,Tumbiana Fm,2.72,-47,,
Eigenbrode and Freeman 2006,SV1176.9,carbonate,sub greenschist,Fortescue,Tumbiana Fm,2.72,-49.1,,
Eigenbrode and Freeman 2006,SV1178.3,carbonate,sub greenschist,Fortescue,Tumbiana Fm,2.72,-46.4,,
Eigenbrode and Freeman 2006,WRL1168.8,carbonate,sub greenschist,Hamersley,Wittenoom Dolomite,2.645,-32.8,,
Eigenbrode and Freeman 2006,WRL1169.4,carbonate,sub greenschist,Hamersley,Wittenoom Dolomite,2.645,-34.3,,
Eigenbrode and Freeman 2006,WRL1177.8,carbonate,sub greenschist,Hamersley,Wittenoom Dolomite,2.645,-29.4,,
Eigenbrode and Freeman 2006,WRL1178.3,carbonate,sub greenschist,Hamersley,Wittenoom Dolomite,2.645,-29.5,,
Eigenbrode and Freeman 2006,WRL1204.0,carbonate,sub greenschist,Hamersley,Wittenoom Dolomite,2.645,-28.9,,
Eigenbrode and Freeman 2006,WRL1222.5,carbonate,sub greenschist,Hamersley,Wittenoom Dolomite,2.645,-29.1,,
Eigenbrode and Freeman 2006,WRL1222.9,carbonate,sub greenschist,Hamersley,Wittenoom Dolomite,2.645,-30.4,,
Eigenbrode and Freeman 2006,WRL1235.8,carbonate,sub greenschist,Hamersley,Wittenoom Dolomite,2.645,-27.6,,
Eigenbrode and Freeman 2006,WRL1235.9,carbonate,sub greenschist,Hamersley,Wittenoom Dolomite,2.645,-40.8,,
Eigenbrode and Freeman 2006,WRL1289.45,carbonate,sub greenschist,Hamersley,Wittenoom Dolomite,2.645,-29,,
Eigenbrode and Freeman 2006,WRL1298.1,carbonate,sub greenschist,Hamersley,Wittenoom Dolomite,2.645,-29.2,,
Eigenbrode and Freeman 2006,WRL1298.28,carbonate,sub greenschist,Hamersley,Wittenoom Dolomite,2.645,-39.1,,
Eigenbrode and Freeman 2006,WRL1314.7,carbonate,sub greenschist,Hamersley,Wittenoom Dolomite,2.645,-29.1,,
Eigenbrode and Freeman 2006,WRL1337.0,carbonate,sub greenschist,Hamersley,Wittenoom Dolomite,2.645,-28.7,,
Eigenbrode and Freeman 2006,WRL1337.9,carbonate,sub greenschist,Hamersley,Wittenoom Dolomite,2.645,-27.6,,
Eigenbrode and Freeman 2006,WRL1338.57,carbonate,sub greenschist,Hamersley,Wittenoom Dolomite,2.645,-27.8,,
Eigenbrode and Freeman 2006,WRL1345.0,carbonate,sub greenschist,Hamersley,Wittenoom Dolomite,2.645,-30.1,,
Eigenbrode and Freeman 2006,WRL1357.5,carbonate,sub greenschist,Hamersley,Wittenoom Dolomite,2.645,-30.1,,
Eigenbrode and Freeman 2006,WRL1376.4,carbonate,sub greenschist,Hamersley,Wittenoom Dolomite,2.645,-27.7,,
Eigenbrode and Freeman 2006,WRL1388.57,carbonate,sub greenschist,Hamersley,Wittenoom Dolomite,2.645,-27.9,,
Eigenbrode and Freeman 2006,WRL1428.0,carbonate,sub greenschist,Hamersley,Wittenoom Dolomite,2.645,-30,,
Eigenbrode and Freeman 2006,WRL1435.5,carbonate,sub greenschist,Hamersley,Wittenoom Dolomite,2.645,-30.4,,
Eigenbrode and Freeman 2006,WRL1444.7,carbonate,sub greenschist,Hamersley,Wittenoom Dolomite,2.645,-28.4,,
Eigenbrode and Freeman 2006,WRL1454.5,carbonate,sub greenschist,Hamersley,Wittenoom Dolomite,2.645,-30.3,,
Eigenbrode and Freeman 2006,WRL1471.0,carbonate,sub greenschist,Hamersley,Wittenoom Dolomite,2.645,-29.93,,
Eigenbrode and Freeman 2006,WRL1471.3,carbonate,sub greenschist,Hamersley,Wittenoom Dolomite,2.645,-30.4,,
Eigenbrode and Freeman 2006,WRL1472.2,carbonate,sub greenschist,Hamersley,Wittenoom Dolomite,2.645,-28.3,,
Eigenbrode and Freeman 2006,WRL1472.9,carbonate,sub greenschist,Hamersley,Wittenoom Dolomite,2.645,-28.4,,
Eigenbrode and Freeman 2006,WRL1498.8,carbonate,sub greenschist,Hamersley,Wittenoom Dolomite,2.645,-29.4,,
Eigenbrode and Freeman 2006,WRL1499.01,carbonate,sub greenschist,Hamersley,Wittenoom Dolomite,2.645,-29.6,,
Eigenbrode and Freeman 2006,WRL1499.35,carbonate,sub greenschist,Hamersley,Wittenoom Dolomite,2.645,-29.4,,
Eigenbrode and Freeman 2006,WRL1506.5,carbonate,sub greenschist,Hamersley,Wittenoom Dolomite,2.645,-33.4,,
Eigenbrode and Freeman 2006,WRL1519.1,carbonate,sub greenschist,Hamersley,"Wittenoom, West Angelas Mbr",2.645,-39.6,,
Eigenbrode and Freeman 2006,WRL1519.3,carbonate,sub greenschist,Hamersley,"Wittenoom, West Angelas Mbr",2.645,-41.5,,
Eigenbrode and Freeman 2006,WRL1520.5,carbonate,sub greenschist,Hamersley,"Wittenoom, West Angelas Mbr",2.645,-43.1,,
Eigenbrode and Freeman 2006,WRL1520.6,carbonate,sub greenschist,Hamersley,"Wittenoom, West Angelas Mbr",2.645,-38.3,,
Eigenbrode and Freeman 2006,WRL1521.2,carbonate,sub greenschist,Hamersley,"Wittenoom, West Angelas Mbr",2.645,-43.4,,
Eigenbrode and Freeman 2006,WRL1521.5,carbonate,sub greenschist,Hamersley,"Wittenoom, West Angelas Mbr",2.645,-40,,
Eigenbrode and Freeman 2006,WRL1524.05,carbonate,sub greenschist,Hamersley,"Wittenoom, West Angelas Mbr",2.645,-36.2,,
Eigenbrode and Freeman 2006,WRL1544.8,shale/bif,sub greenschist,Hamersley,"Marra Mamba Iron Fm, Mt Newman Marker  Mbr",2.597,-43.5,,
Eigenbrode and Freeman 2006,WRL1545.08,shale/bif,sub greenschist,Hamersley,"Marra Mamba Iron Fm, Mt Newman Marker  Mbr",2.597,-38,,
Eigenbrode and Freeman 2006,WRL1560.2,shale/bif,sub greenschist,Hamersley,"Marra Mamba Iron Fm, Mt Newman Marker  Mbr",2.597,-32.1,,
Eigenbrode and Freeman 2006,WRL1596.6,shale/bif,sub greenschist,Hamersley,"Marra Mamba Iron Fm., Mt McLeod",2.597,-36.7,,
Eigenbrode and Freeman 2006,WRL1603.1,shale/bif,sub greenschist,Hamersley,"Marra Mamba Iron Fm., Mt McLeod",2.597,-35,,
Eigenbrode and Freeman 2006,WRL1612.6,shale/bif,sub greenschist,Hamersley,"Marra Mamba Iron Fm., Mt McLeod",2.597,-41,,
Eigenbrode and Freeman 2006,WRL1620.8,shale/bif,sub greenschist,Hamersley,"Marra Mamba Iron Fm., Mt McLeod",2.597,-38.1,,
Eigenbrode and Freeman 2006,WRL1637.3,shale/bif,sub greenschist,Hamersley,"Marra Mamba Iron Fm., Mt McLeod",2.597,-42,,
Eigenbrode and Freeman 2006,WRL1644.75,shale/bif,sub greenschist,Hamersley,"Marra Mamba Iron Fm, Mamuldi Mbr",2.597,-49.2,,
Eigenbrode and Freeman 2006,WRL1657.7,shale/bif,sub greenschist,Hamersley,"Marra Mamba Iron Fm, Mamuldi Mbr",2.597,-47.8,,
Eigenbrode and Freeman 2006,WRL1658.0,shale/bif,sub greenschist,Hamersley,"Marra Mamba Iron Fm, Mamuldi Mbr",2.597,-48.5,,
Eigenbrode and Freeman 2006,WRL1659.5,shale/bif,sub greenschist,Hamersley,"Marra Mamba Iron Fm, Mamuldi Mbr",2.597,-47,,
Eigenbrode and Freeman 2006,WRL1673.6,shale/bif,sub greenschist,Hamersley,"Marra Mamba Iron Fm, Mamuldi Mbr",2.597,-45.6,,
Eigenbrode and Freeman 2006,WRL1678.75,shale/bif,sub greenschist,Hamersley,"Marra Mamba Iron Fm, Mamuldi Mbr",2.597,-44.5,,
Eigenbrode and Freeman 2006,WRL1678.95,shale,sub greenschist,Fortescue,"Jeerinah Fm, Roy Hill Mbr",2.65,-41,,
Eigenbrode and Freeman 2006,WRL1679.9,shale,sub greenschist,Fortescue,"Jeerinah Fm, Roy Hill Mbr",2.65,-39.8,,
Eigenbrode and Freeman 2006,WRL1680.6,shale,sub greenschist,Fortescue,"Jeerinah Fm, Roy Hill Mbr",2.65,-40.7,,
Eigenbrode and Freeman 2006,WRL1683.2,shale,sub greenschist,Fortescue,"Jeerinah Fm, Roy Hill Mbr",2.65,-40.7,,
Eigenbrode and Freeman 2006,WRL1685.8,shale,sub greenschist,Fortescue,"Jeerinah Fm, Roy Hill Mbr",2.65,-41.5,,
Eigenbrode and Freeman 2006,WRL1685.95,shale,sub greenschist,Fortescue,"Jeerinah Fm, Roy Hill Mbr",2.65,-42.5,,
Eigenbrode and Freeman 2006,WRL1685.98,shale,sub greenschist,Fortescue,"Jeerinah Fm, Roy Hill Mbr",2.65,-43.1,,
Eigenbrode and Freeman 2006,WRL1686.6,shale,sub greenschist,Fortescue,"Jeerinah Fm, Roy Hill Mbr",2.65,-40.3,,
Eigenbrode and Freeman 2006,WRL1696.7,shale,sub greenschist,Fortescue,"Jeerinah Fm, Roy Hill Mbr",2.65,-40.9,,
Eigenbrode and Freeman 2006,WRL1698.8,shale,sub greenschist,Fortescue,"Jeerinah Fm, Roy Hill Mbr",2.65,-43,,
Eigenbrode and Freeman 2006,WRL1719.3,shale,sub greenschist,Fortescue,"Jeerinah Fm., Warrie Mbr",2.65,-36.9,,
Eigenbrode and Freeman 2006,WRL1730.8,shale,sub greenschist,Fortescue,"Jeerinah Fm., Warrie Mbr",2.65,-39.9,,
Eigenbrode and Freeman 2006,WRL1733.05,shale,sub greenschist,Fortescue,"Jeerinah Fm., Warrie Mbr",2.65,-39.9,,
Eigenbrode and Freeman 2006,WRL1742.0,shale,sub greenschist,Fortescue,"Jeerinah Fm., Warrie Mbr",2.65,-45,,
Eigenbrode and Freeman 2006,WRL1774.8,shale,sub greenschist,Fortescue,"Jeerinah Fm., Warrie Mbr",2.65,-43.4,,
Eigenbrode and Freeman 2006,WRL1778.0,shale,sub greenschist,Fortescue,"Jeerinah Fm., Warrie Mbr",2.65,-40.5,,
Eigenbrode and Freeman 2006,BC06280007a,carbonate,sub greenschist,Fortescue,Tumbiana,2.72,-56.7,,
Eigenbrode and Freeman 2006,BC06280010,carbonate,sub greenschist,Fortescue,Tumbiana,2.72,-50.9,,
Eigenbrode and Freeman 2006,BC06290001,carbonate,sub greenschist,Fortescue,Tumbiana,2.72,-51.2,,
Eigenbrode and Freeman 2006,BC06290002,carbonate,sub greenschist,Fortescue,Tumbiana,2.72,-53.5,,
Eigenbrode and Freeman 2006,SP07040001sh,carbonate,sub greenschist,Fortescue,Tumbiana,2.72,-51,,
Eigenbrode and Freeman 2006,SP07040006,carbonate,sub greenschist,Fortescue,Tumbiana,2.72,-50.3,,
Eigenbrode and Freeman 2006,SP07040016,carbonate,sub greenschist,Fortescue,Tumbiana,2.72,-48.4,,
Eigenbrode and Freeman 2006,SP07040018,carbonate,sub greenschist,Fortescue,Tumbiana,2.72,-50,,
Eigenbrode and Freeman 2006,MH07220007,carbonate,sub greenschist,Fortescue,Tumbiana,2.72,-53.6,,
Schopf and Klein 1992,2531,shale,,,Reivilo Fm,2.3,-34.5,0.13,
Schopf and Klein 1992,2531,shale,,,Reivilo Fm,2.3,-36.4,0.35,
Schopf and Klein 1992,2533,shale,,,Reivilo Fm,2.3,-36.7,0.31,
Schopf and Klein 1992,1415,chert,,,Klipfonteinheuwel Formation,2.325,-37.9,0.13,
Schopf and Klein 1992,2512,carbonate,,,Gamohaan Fm,2.45,-32.1,0.27,
Schopf and Klein 1992,2513,carbonate,,,Gamohaan Fm,2.45,-32.7,0.25,
Schopf and Klein 1992,2514,carbonate,,,Gamohaan Fm,2.45,-34.6,0.26,
Schopf and Klein 1992,2517,carbonate,,,Gamohaan Fm,2.45,-34.5,0.28,
Schopf and Klein 1992,2518,carbonate,,,Gamohaan Fm,2.45,-34.6,0.26,
Schopf and Klein 1992,2520,shale,,,Gamohaan Fm,2.45,-34.9,0.18,
Schopf and Klein 1992,1932,shale,,,Jeerinah Formation,2.65,-45.1,0.48,
Schopf and Klein 1992,1972,shale,,,Jeerinah Formation,2.65,-41.4,0.36,
Schopf and Klein 1992,1355,chert,,,Meentheena Carbonate member,2.75,-51.8,0.22,
Schopf and Klein 1992,2050,carbonate,,,Tumbiana Formation,2.75,-52.9,0.28,
Schopf and Klein 1992,2065,shale,,,Tumbiana Formation,2.75,-58.7,0.47,
Schopf and Klein 1992,2070,carbonate,,,Tumbiana Formation,2.75,-53.8,0.32,
Schopf and Klein 1992,1391,chert,,,Kromberg Formation,3.3,-30.3,0.12,
Schopf and Klein 1992,1392,chert,,,Kromberg Formation,3.3,-26.2,0.14,
Schopf and Klein 1992,1396,chert,,,Kromberg Formation,3.3,-32.6,0.16,
Schopf and Klein 1992,1400,chert,,,Fig Tree Group,3.35,-28.5,0.18,
Schopf and Klein 1992,1403,chert,,,Fig Tree Group,3.35,-28.6,0.19,
Schopf and Klein 1992,1386,chert,,,Hooggenoeg Formation,3.35,-36.7,0.2,
Schopf and Klein 1992,1385,chert,,,Theespruit Formation,3.55,-15.1,0.06,
Schopf and Klein 1992,Leve754706,chert,,,Fig Tree Group,3.35,-26.4,0.1,
Schopf and Klein 1992,Dung74,chert,,,Fig Tree Group,3.35,-28,0.41,
Schopf and Klein 1992,Dung74,chert,,,Fig Tree Group,3.35,-28.7,0.49,
Schopf and Klein 1992,McK174,chert,,,Hooggenoeg Fm,3.45,-26,0.41,
Schopf and Klein 1992,McK174,chert,,,Hooggenoeg Fm,3.45,-27.9,0.69,
Schopf and Klein 1992,McK174,chert,,,Hooggenoeg Fm,3.45,-26.3,0.43,
Schopf and Klein 1992,Dung74,chert,,,Onverwacht Group,3.45,-31.4,0.33,
Schopf and Klein 1992,Dung74,chert,,,Onverwacht Group,3.45,-26.2,0.65,
Schopf and Klein 1992,Dung74,chert,,,Onverwacht Group,3.45,-26.2,0.93,
Schopf and Klein 1992,Dung74,chert,,,Onverwacht Group,3.45,-33,0.38,
Schopf and Klein 1992,Dung74,chert,,,Onverwacht Group,3.45,-32.9,0.14,
Schopf and Klein 1992,Dung74,chert,,,Onverwacht Group,3.45,-28.4,0.8,
Schopf and Klein 1992,Dung74,chert,,,Onverwacht Group,3.45,-15.8,0.08,
Schopf and Klein 1992,Dung74,chert,,,Onverwacht Group,3.45,-14.3,0.96,
Schopf and Klein 1992,Leve754706,chert,,,Swartkoopie Formation,3.45,-27.6,0.3,
Schopf and Klein 1992,McK174,chert,,,Theespruit Formation,3.55,-17.3,0.04,
Schopf and Klein 1992,McK174,chert,,,Theespruit Formation,3.55,-22.4,0.04,
Schopf and Klein 1992,McK174,chert,,,Theespruit Formation,3.55,-19.1,0.03,
Schopf and Klein 1992,McK174,chert,,,Theespruit Formation,3.55,-20.4,0.05,
Schopf and Klein 1992,McK174,chert,,,Theespruit Formation,3.55,-17.4,0.05,
Schopf and Klein 1992,McK174,chert,,,Theespruit Formation,3.55,-18.2,0.04,
Cjaza et al 2010,WRL1-178.3,carbonate,sub greenschist,,Wittenoom,2.57,-29.5,,
Cjaza et al 2010,WRL1-235.9A,shale carbonate,sub greenschist,,Wittenoom,2.57,-40.8,,
Cjaza et al 2010,WRL1-289.45,carbonate,sub greenschist,,Wittenoom,2.58,-29,,
Cjaza et al 2010,WRL1-298.28,carbonate,sub greenschist,,Wittenoom,2.58,-39.1,,
Cjaza et al 2010,WRL1-338.57,carbonate,sub greenschist,,Wittenoom,2.58,-27.8,,
Cjaza et al 2010,WRL1-376.4,carbonate,sub greenschist,,Wittenoom,2.58,-27.7,,
Cjaza et al 2010,WRL1-472.2,carbonate,sub greenschist,,Wittenoom,2.59,-28.3,,
Cjaza et al 2010,WRL1-499.01A,shale carbonate,sub greenschist,,Wittenoom,2.59,-29.6,,
Cjaza et al 2010,WRL1-520.5,chert,sub greenschist,,Wittenoom,2.60,-43.1,,
Cjaza et al 2010,WRL1-520.6A,carbonate,sub greenschist,,Wittenoom,2.60,-38.3,,
Cjaza et al 2010,WRL1-524.05,shale,sub greenschist,,Wittenoom,2.60,-36.2,,
Cjaza et al 2010,WRL1-544.8,shale carbonate,sub greenschist,,Marra Mamba Iron Fm,2.60,-43.5,,
Cjaza et al 2010,WRL1-560.2A,shale carbonate,sub greenschist,,Marra Mamba Iron Fm,2.60,-32.1,,
Cjaza et al 2010,WRL1-612.6,shale carbonate,sub greenschist,,Marra Mamba Iron Fm,2.61,-41,,
Cjaza et al 2010,WRL1-644.75,carbonate,sub greenschist,,Marra Mamba Iron Fm,2.63,-49.2,,
Cjaza et al 2010,WRL1-657.7,shale carbonate,sub greenschist,,Marra Mamba Iron Fm,2.63,-47.8,,
Cjaza et al 2010,WRL1-659.5,shale carbonate,sub greenschist,,Marra Mamba Iron Fm,2.63,-47,,
Cjaza et al 2010,WRL1-673.6,chert,sub greenschist,,Marra Mamba Iron Fm,2.63,-45.6,,
Cjaza et al 2010,WRL1-678.75,shale,sub greenschist,,Marra Mamba Iron Fm,2.63,-44.5,,
Cjaza et al 2010,WRL1-678.95,shale,sub greenschist,,Jeerinah,2.63,-41,,
Cjaza et al 2010,WRL1-679.9,shale,sub greenschist,,Jeerinah,2.63,-39.8,,
Cjaza et al 2010,WRL1-683.2,shale carbonate,sub greenschist,,Jeerinah,2.64,-40.7,,
Cjaza et al 2010,WRL1-730.8,shale carbonate,sub greenschist,,Jeerinah,2.70,-39.9,,
Cjaza et al 2010,WRL1-731.05,shale carbonate,sub greenschist,,Jeerinah,2.70,-39.9,,
Cjaza et al 2010,SV1-55,shale carbonate,sub greenschist,,Tumbiana,2.72,-43.4,,
Cjaza et al 2010,SV1-55.3,shale carbonate,sub greenschist,,Tumbiana,2.72,-49.7,,
Cjaza et al 2010,SV1-70.9,shale carbonate,sub greenschist,,Tumbiana,2.72,-44.1,,
Cjaza et al 2010,SV1-117,shale carbonate,sub greenschist,,Tumbiana,2.72,-46.3,,
Cjaza et al 2010,SV1-126.4,shale carbonate,sub greenschist,,Tumbiana,2.72,-48.6,,
Cjaza et al 2010,RHDH2a-135.6,carbonate,sub greenschist,,Carawine Dolomite,2.62,-45.5,,
Cjaza et al 2010,RHDH2a-136,carbonate,sub greenschist,,Carawine Dolomite,2.62,-45.9,,
Cjaza et al 2010,RHDH2a-141,carbonate,sub greenschist,,Carawine Dolomite,2.62,-43.7,,
Cjaza et al 2010,RHDH2a-141.7,carbonate,sub greenschist,,Carawine Dolomite,2.62,-38.3,,
Cjaza et al 2010,RHDH2a-161,shale carbonate,sub greenschist,,Carawine Dolomite,2.63,-49.6,,
Cjaza et al 2010,RHDH2a-221.4,shale carbonate,sub greenschist,,Carawine Dolomite,2.63,-42.8,,
Cjaza et al 2010,RHDH2a-223,carbonate,sub greenschist,,Carawine Dolomite,2.63,-40,,
Cjaza et al 2010,RHDH2a-252.2,carbonate,sub greenschist,,Carawine Dolomite,2.63,-44.8,,
Cjaza et al 2010,RHDH2a-285.3,shale,sub greenschist,,Jeerinah,2.64,-39.8,,
Cjaza et al 2010,RHDH2a-296.9,shale carbonate,sub greenschist,,Jeerinah,2.64,-42.8,,
Cjaza et al 2010,RHDH2a-299.3,shale carbonate,sub greenschist,,Jeerinah,2.64,-40.1,,
Cjaza et al 2010,RHDH2a-333.5,shale carbonate,sub greenschist,,Jeerinah,2.65,-41.6,,
Cjaza et al 2010,RHDH2a-337.03,carbonate,sub greenschist,,Jeerinah,2.65,-41.9,,
Cjaza et al 2010,RHDH2a-369.6,shale,sub greenschist,,Jeerinah,2.65,-41,,
Cjaza et al 2010,RHDH2a-374.2,shale carbonate,sub greenschist,,Jeerinah,2.65,-43,,
Cjaza et al 2010,RHDH2a-447.2,shale carbonate,sub greenschist,,Jeerinah,2.67,-46.8,,
Cjaza et al 2010,RHDH2a-496.1,shale,sub greenschist,,Jeerinah,2.67,-45.1,,
Harnmeijer 2009,PC05-020A,calcite,sub greenschist,Coonterunah,,3.50,-28.77,,
Harnmeijer 2009,PC05-020B-1,calcite,sub greenschist,Coonterunah,,3.50,-25.34,,
Harnmeijer 2009,PC05-020B-2,calcite,sub greenschist,Coonterunah,,3.50,-27.34,,
Harnmeijer 2009,PC05-020B-3,calcite,sub greenschist,Coonterunah,,3.50,-26.49,,
Harnmeijer 2009,PC05-020B-4,calcite,sub greenschist,Coonterunah,,3.50,-24.29,,
Harnmeijer 2009,PC05-020B-5,calcite,sub greenschist,Coonterunah,,3.50,-29.63,,
Harnmeijer 2009,PC05-020C-1,calcite,sub greenschist,Coonterunah,,3.50,-27.21,,
Harnmeijer 2009,PC05-020C-2,calcite,sub greenschist,Coonterunah,,3.50,-27.67,,
Harnmeijer 2009,PC05-020C-3,calcite,sub greenschist,Coonterunah,,3.50,-27.03,,
Harnmeijer 2009,PC05-020C-4,calcite,sub greenschist,Coonterunah,,3.50,-26.26,,
Harnmeijer 2009,PC05-020C-5,calcite,sub greenschist,Coonterunah,,3.50,-26.33,,
Harnmeijer 2009,PC05-020C-6,calcite,sub greenschist,Coonterunah,,3.50,-27.11,,
Harnmeijer 2009,PC06-031,dolomite,sub greenschist,Coonterunah,,3.50,-23.28,,
Harnmeijer 2009,Pc06-041,dolomite,sub greenschist,Coonterunah,,3.50,-26.8,,
Harnmeijer 2009,PC06-024B,metapelite,sub greenschist,Coonterunah,,3.50,-16.21,,
Harnmeijer 2009,PC06-024I,metapelite,sub greenschist,Coonterunah,,3.50,-22.03,,
Harnmeijer 2009,PC06-027,metapelite,sub greenschist,Coonterunah,,3.50,-23.14,,
Harnmeijer 2009,PC06-029,metapelite,sub greenschist,Coonterunah,,3.50,-25.58,,
Harnmeijer 2009,PC06-040,metapelite,sub greenschist,Coonterunah,,3.50,-24.37,,
Harnmeijer 2009,PC06-044,metapelite,sub greenschist,Coonterunah,,3.50,-26.14,,
Harnmeijer 2009,70615K,chert,sub greenschist,Coonterunah,,3.50,-22.76,,
Harnmeijer 2009,70648K,chert,sub greenschist,Coonterunah,,3.50,-27.66,,
Harnmeijer 2009,94052K,chert,sub greenschist,Coonterunah,,3.50,-28.87,,
Harnmeijer 2009,93006,carbonate,greenschist,Coonterunah,,3.50,-24.88,,
Harnmeijer 2009,96045A,carbonate,greenschist,Coonterunah,,3.50,-23.57,,
Harnmeijer 2009,96045B,carbonate,greenschist,Coonterunah,,3.50,-28.77,,
"Watanabe et al., 1997",D80,shale,zeolite,"Transvaal, Pretoria",Silverton,2.22,-32.9,0.19,
"Watanabe et al., 1997",MSF2-3,shale,zeolite,"Transvaal, Pretoria",Timeball Hill,2.22,-30.1,0.21,
"Watanabe et al., 1997",WBK1-2,shale,zeolite,"Transvaal, Pretoria",Timeball Hill,2.22,-26.8,0.2,
"Watanabe et al., 1997",WBK1-5,shale,zeolite,"Transvaal, Pretoria",Timeball Hill,2.22,-31.7,0.29,
"Watanabe et al., 1997",CDV1-27,shale,zeolite,"Transvaal, Pretoria",Timeball Hill,2.22,-32,0.23,
"Watanabe et al., 1997",MEE20,shale,sub greenschist,"Transvaal, Wolkberg",Black Reef,2.56,-35.2,0.3,
"Watanabe et al., 1997",MEE29,shale,sub greenschist,"Transvaal, Wolkberg",Black Reef,2.56,-30,0.2,
"Watanabe et al., 1997",MEE35,shale,sub greenschist,"Transvaal, Wolkberg",Black Reef,2.56,-29.7,0.13,
"Watanabe et al., 1997",MEE40,shale,sub greenschist,"Transvaal, Wolkberg",Black Reef,2.56,-33.4,0.11,
"Watanabe et al., 1997",C197,shale,sub greenschist,"Transvaal, Wolkberg",Selati,2.65,-18.2,0.31,
"Watanabe et al., 1997",MEE16,shale,sub greenschist,Witwatersrand,K8,2.72,-33.8,0.47,
"Watanabe et al., 1997",MED4,shale,sub greenschist,Witwatersrand,K8,2.72,-33.5,0.57,
"Yamaguchi, 2002",1,shale,sub greenschist,Transvaal,"Timeball Hill, Transvaal, Kaapvaal",2.22,-29.3,,0.41
"Yamaguchi, 2002",2,shale,sub greenschist,Transvaal,"Timeball Hill, Transvaal, Kaapvaal",2.22,-27.5,,0.35
"Yamaguchi, 2002",3,shale,sub greenschist,Transvaal,"Timeball Hill, Transvaal, Kaapvaal",2.22,-29.3,,0.46
"Yamaguchi, 2002",4,shale,sub greenschist,Transvaal,"Timeball Hill, Transvaal, Kaapvaal",2.22,-28.8,,0.39
"Yamaguchi, 2002",5,shale,sub greenschist,Transvaal,"Timeball Hill, Transvaal, Kaapvaal",2.22,-28.4,,0.39
"Yamaguchi, 2002",6,shale,sub greenschist,Transvaal,"Timeball Hill, Transvaal, Kaapvaal",2.22,-28.5,,0.39
"Yamaguchi, 2002",7,shale,sub greenschist,Transvaal,"Timeball Hill, Transvaal, Kaapvaal",2.22,-28.3,,0.36
"Yamaguchi, 2002",8,shale,sub greenschist,Transvaal,"Timeball Hill, Transvaal, Kaapvaal",2.22,-28.6,,0.5
"Yamaguchi, 2002",9,shale,sub greenschist,Transvaal,"Timeball Hill, Transvaal, Kaapvaal",2.22,-28.4,,0.43
"Yamaguchi, 2002",10,shale,sub greenschist,Transvaal,"Timeball Hill, Transvaal, Kaapvaal",2.22,-28.1,,0.47
"Yamaguchi, 2002",11,shale,sub greenschist,Transvaal,"Timeball Hill, Transvaal, Kaapvaal",2.22,-29.4,,0.43
"Yamaguchi, 2002",12,shale,sub greenschist,Transvaal,"Timeball Hill, Transvaal, Kaapvaal",2.22,-27.8,,0.3
"Yamaguchi, 2002",1,shale,sub greenschist,Chuniespoort,"Oak Tree Fm, Chuniespoort Gp., Transvaal",2.56,-33.1,,2.3
"Yamaguchi, 2002",2,shale,sub greenschist,Chuniespoort,"Oak Tree Fm, Chuniespoort Gp., Transvaal",2.56,-34.1,,1.64
"Yamaguchi, 2002",3,shale,sub greenschist,Chuniespoort,"Oak Tree Fm, Chuniespoort Gp., Transvaal",2.56,-33.3,,1.66
"Yamaguchi, 2002",1,shale,sub greenschist,Hamersley,"Wittennoom Dolomite, Hamersley, Mt. Bruce",2.6,-40.4,,0.74
"Yamaguchi, 2002",2,shale,sub greenschist,Hamersley,"Wittennoom Dolomite, Hamersley, Mt. Bruce",2.6,-45.3,,1.02
"Yamaguchi, 2002",3,shale,sub greenschist,Hamersley,"Wittennoom Dolomite, Hamersley, Mt. Bruce",2.6,-48.9,,2.91
"Yamaguchi, 2002",4,shale,sub greenschist,Hamersley,"Wittennoom Dolomite, Hamersley, Mt. Bruce",2.6,-43.7,,1.91
"Yamaguchi, 2002",5,shale,sub greenschist,Hamersley,"Wittennoom Dolomite, Hamersley, Mt. Bruce",2.6,-47.6,,4.24
"Yamaguchi, 2002",6,shale,sub greenschist,Hamersley,"Wittennoom Dolomite, Hamersley, Mt. Bruce",2.6,-43.1,,4.45
"Yamaguchi, 2002",2,shale,sub greenschist,Hamersley,Marra Mamba Iron Fm,2.6,-37.7,,0.19
"Yamaguchi, 2002",3,shale,sub greenschist,Hamersley,Marra Mamba Iron Fm,2.6,-40.4,,0.93
"Yamaguchi, 2002",4,shale,sub greenschist,Hamersley,Marra Mamba Iron Fm,2.6,-43.3,,0.74
"Yamaguchi, 2002",1,shale,sub greenschist,Fortescue,Lewin Shale,2.69,-39.4,,2.67
"Yamaguchi, 2002",2,shale,sub greenschist,Fortescue,Lewin Shale,2.69,-42.8,,6.83
"Yamaguchi, 2002",3,shale,sub greenschist,Fortescue,Lewin Shale,2.69,-39.1,,1.56
"Yamaguchi, 2002",4,shale,sub greenschist,Fortescue,Lewin Shale,2.69,-42.2,,2.66
"Yamaguchi, 2002",5,shale,sub greenschist,Fortescue,Lewin Shale,2.69,-42,,1.83
"Yamaguchi, 2002",6,shale,sub greenschist,Fortescue,Lewin Shale,2.69,-45.4,,2.5
"Yamaguchi, 2002",7,shale,sub greenschist,Fortescue,Lewin Shale,2.69,-43.7,,2.05
"Yamaguchi, 2002",8,shale,sub greenschist,Fortescue,Lewin Shale,2.69,-42.4,,2.18
"Yamaguchi, 2002",1,greywacke,sub greenschist,Fig Tree,Sheba Fm,3.25,-25,,0.16
"Yamaguchi, 2002",2,greywacke,sub greenschist,Fig Tree,Sheba Fm,3.25,-22.6,,0.52
"Yamaguchi, 2002",3,greywacke,sub greenschist,Fig Tree,Sheba Fm,3.25,-24.4,,0.43
"Yamaguchi, 2002",4,greywacke,sub greenschist,Fig Tree,Sheba Fm,3.25,-25.7,,0.21
"Yamaguchi, 2002",5,greywacke,sub greenschist,Fig Tree,Sheba Fm,3.25,-24.5,,0.39
"Yamaguchi, 2002",6,greywacke,sub greenschist,Fig Tree,Sheba Fm,3.25,-25.5,,0.12
"Yamaguchi, 2002",7,greywacke,sub greenschist,Fig Tree,Sheba Fm,3.25,-26.2,,0.17
"Yamaguchi, 2002",8,greywacke,sub greenschist,Fig Tree,Sheba Fm,3.25,-26.2,,0.16
"Yamaguchi, 2002",9,greywacke,sub greenschist,Fig Tree,Sheba Fm,3.25,-26,,0.17
"Yamaguchi, 2002",10,greywacke,sub greenschist,Fig Tree,Sheba Fm,3.25,-25.7,,0.17
"Yamaguchi, 2002",11,greywacke,sub greenschist,Fig Tree,Sheba Fm,3.25,-24.8,,0.28
"Yamaguchi, 2002",12,greywacke,sub greenschist,Fig Tree,Sheba Fm,3.25,-24.4,,0.29
"Yamaguchi, 2002",1,shale,sub greenschist,Fig Tree,Sheba Fm,3.25,-29.3,,0.68
"Yamaguchi, 2002",2,shale,sub greenschist,Fig Tree,Sheba Fm,3.25,-29.9,,0.94
"Yamaguchi, 2002",3,shale,sub greenschist,Fig Tree,Sheba Fm,3.25,-27.6,,0.43
"Yamaguchi, 2002",4,shale,sub greenschist,Fig Tree,Sheba Fm,3.25,-28.6,,0.94
"Yamaguchi, 2002",5,shale,sub greenschist,Fig Tree,Sheba Fm,3.25,-27.7,,1.43
"Yamaguchi, 2002",6,shale,sub greenschist,Fig Tree,Sheba Fm,3.25,-29.2,,1.02
"Yamaguchi, 2002",7,shale,sub greenschist,Fig Tree,Sheba Fm,3.25,-29,,2.97
"Yamaguchi, 2002",8,shale,sub greenschist,Fig Tree,Sheba Fm,3.25,-29.9,,1.29
"Yamaguchi, 2002",9,shale,sub greenschist,Fig Tree,Sheba Fm,3.25,-29.2,,0.46
"Yamaguchi, 2002",10,shale,sub greenschist,Fig Tree,Sheba Fm,3.25,-27.6,,1.87
"Yamaguchi, 2002",11,shale,sub greenschist,Fig Tree,Sheba Fm,3.25,-27.4,,0.22
"Yamaguchi, 2002",12,shale,sub greenschist,Fig Tree,Sheba Fm,3.25,-31.2,,1.31
"Yamaguchi, 2002",13,shale,sub greenschist,Fig Tree,Sheba Fm,3.25,-29.3,,2.28
"Yamaguchi, 2002",14,shale,sub greenschist,Fig Tree,Sheba Fm,3.25,-28.6,,1.08
"Yamaguchi, 2002",15,shale,sub greenschist,Fig Tree,Sheba Fm,3.25,-28.1,,0.49
"Yamaguchi, 2002",16,shale,sub greenschist,Fig Tree,Sheba Fm,3.25,-28.6,,0.93
"Yamaguchi, 2002",17,shale,sub greenschist,Fig Tree,Sheba Fm,3.25,-27.5,,0.42
Jackson et al 1978,Havig et al 2017,shale,,"Gowdanda Fm., Ont Canada",,2.288,-27.4,,
Jackson et al 1978,Havig et al 2017,chert,,"Krombert Fm., Onverwacht Gp., swaziland system",,3.4,-26.1,,
Jackson et al 1978,Havig et al 2017,chert,,"Krombert Fm., Onverwacht Gp., swaziland system",,3.4,-26.2,,
Jackson et al 1978,Havig et al 2017,chert,,"Swartkoppie Fm., Onverwacht Gp., swaziland system",,3.3,-26.9,,
Jackson et al 1978,Havig et al 2017,shale,,"Fig Tree Gp., Swaziland system, S. Africa",,3.3,-28.6,,
Jackson et al 1978,Havig et al 2017,shale,,"Fig Tree Gp., Swaziland system, S. Africa",,3.3,-29.5,,
Jackson et al 1978,Havig et al 2017,shale,,"Fig Tree Gp., Swaziland system, S. Africa",,3.3,-28.3,,
Leventhal et al 1975,Havig et al 2017,,,"Gowanda Fm., Ontario",,2.3,-19.5,,
Leventhal et al 1975,Havig et al 2017,,,"Swartkoppie Fm., S. Africa",,3.3,-27.6,,
Leventhal et al 1975,Havig et al 2017,,,"Kromberg Fm., S. Africa",,3.4,-26.4,,
Donnelly et al 1977,Havig et al 2017,shale,,Diemal,,2.62,-25.7,,
Donnelly et al 1977,Havig et al 2017,shale,,Diemal,,2.62,-24.2,,
Donnelly et al 1977,Havig et al 2017,shale,,Mount Keith,,2.62,-29.5,,
Donnelly et al 1977,Havig et al 2017,shale,,Mount Keith,,2.62,-34.2,,
Donnelly et al 1977,Havig et al 2017,shale,,Eulaminna,,2.62,-30.7,,
Donnelly et al 1977,Havig et al 2017,shale,,Mount Jewell,,2.62,-30.8,,
Donnelly et al 1977,Havig et al 2017,shale,,Mount Jewell,,2.62,-35.2,,
Donnelly et al 1977,Havig et al 2017,shale,,Mount Jewell,,2.62,-41.7,,
Donnelly et al 1977,Havig et al 2017,shale,,Kanowna,,2.62,-26.8,,
Donnelly et al 1977,Havig et al 2017,shale,,Kalgoorlie,,2.62,-18.1,,
Donnelly et al 1977,Havig et al 2017,shale,,Kalgoorlie,,2.62,-27.3,,
Donnelly et al 1977,Havig et al 2017,shale,,Kalgoorlie,,2.62,-19.1,,
Donnelly et al 1977,Havig et al 2017,shale,,Kalgoorlie,,2.62,-17.1,,
Donnelly et al 1977,Havig et al 2017,shale,,Kambalda,,2.62,-21.0,,
Donnelly et al 1977,Havig et al 2017,shale,,Kambalda,,2.62,-22.3,,
Donnelly et al 1977,Havig et al 2017,shale,,Kambalda,,2.62,-36.4,,
Donnelly et al 1977,Havig et al 2017,shale,,Kambalda,,2.62,-27.8,,
Donnelly et al 1977,Havig et al 2017,shale,,Kambalda,,2.62,-15.5,,
Donnelly et al 1977,Havig et al 2017,shale,,Kambalda,,2.62,-16.3,,
Donnelly et al 1977,Havig et al 2017,shale,,Kambalda,,2.62,-16.0,,
Donnelly et al 1977,Havig et al 2017,shale,,Kambalda,,2.62,-18.9,,
Donnelly et al 1977,Havig et al 2017,shale,,Kambalda,,2.62,-15.7,,
Donnelly et al 1977,Havig et al 2017,shale,,Kambalda,,2.62,-15.1,,
Donnelly et al 1977,Havig et al 2017,shale,,Mount Thirsty,,2.62,-18.1,,
Donnelly et al 1977,Havig et al 2017,shale,,Norseman,,2.62,-19.2,,
Donnelly et al 1977,Havig et al 2017,shale,,Norseman,,2.62,-46.3,,
Strauss and Moore 1992,Havig et al 2017,shale,,,Reivilo Fm.,2.3,-34.5,,
Strauss and Moore 1992,Havig et al 2017,shale,,,Reivilo Fm.,2.3,-36.4,,
Strauss and Moore 1992,Havig et al 2017,shale,,,Reivilo Fm.,2.3,-36.7,,
Strauss and Moore 1992,Havig et al 2017,chert,,,Klipfonteinheuwel Fm.,2.325,-37.9,,
Strauss and Moore 1992,Havig et al 2017,carbonate,,,Gamohaan Fm.,2.45,-32.1,,
Strauss and Moore 1992,Havig et al 2017,carbonate,,,Gamohaan Fm.,2.45,-32.7,,
Strauss and Moore 1992,Havig et al 2017,carbonate,,,Gamohaan Fm.,2.45,-34.6,,
Strauss and Moore 1992,Havig et al 2017,carbonate,,,Gamohaan Fm.,2.45,-34.5,,
Strauss and Moore 1992,Havig et al 2017,carbonate,,,Gamohaan Fm.,2.45,-34.6,,
Strauss and Moore 1992,Havig et al 2017,shale,,,Gamohaan Fm.,2.45,-34.9,,
Strauss and Moore 1992,Havig et al 2017,shale,,,Jeerinah Fm.,2.65,-45.1,,
Strauss and Moore 1992,Havig et al 2017,shale,,,Jeerinah Fm.,2.65,-41.4,,
Strauss and Moore 1992,Havig et al 2017,chert,,,Meentheena Carbonate Member,2.75,-51.8,,
Strauss and Moore 1992,Havig et al 2017,carbonate,,,Tumbiana Fm.,2.75,-52.9,,
Strauss and Moore 1992,Havig et al 2017,shale,,,Tumbiana Fm.,2.75,-58.7,,
Strauss and Moore 1992,Havig et al 2017,carbonate,,,Tumbiana Fm.,2.75,-53.8,,
Strauss and Moore 1992,Havig et al 2017,chert,,,Kromberg Fm.,3.3,-30.3,,
Strauss and Moore 1992,Havig et al 2017,chert,,,Kromberg Fm.,3.3,-26.2,,
Strauss and Moore 1992,Havig et al 2017,chert,,,Kromberg Fm.,3.3,-32.6,,
Strauss and Moore 1992,Havig et al 2017,chert,,,Fig Tree Group,3.35,-28.5,,
Strauss and Moore 1992,Havig et al 2017,chert,,,Fig Tree Group,3.35,-28.6,,
Strauss and Moore 1992,Havig et al 2017,chert,,,Hooggenoeg Fm.,3.45,-36.7,,
Strauss and Moore 1992,Havig et al 2017,chert,,,Theespruit Fm.,3.55,-15.1,,
Koehler et al 2019,,shale,sub greenschist,,Mosquito creek Fm,2.94,-32.8,,
Koehler et al 2019,,shale,sub greenschist,,Mosquito creek Fm,2.94,-32.5,,
Koehler et al 2019,,shale,sub greenschist,,Mosquito creek Fm,2.94,-32.1,,
Koehler et al 2019,,shale,sub greenschist,,Mosquito creek Fm,2.94,-32.7,,
Koehler et al 2019,,shale,sub greenschist,,Mosquito creek Fm,2.94,-32.9,,
Koehler et al 2019,,shale,sub greenschist,,Mosquito creek Fm,2.94,-32.1,,
Koehler et al 2019,,shale,sub greenschist,,Mosquito creek Fm,2.94,-32.5,,
Koehler et al 2019,,shale,sub greenschist,,Mosquito creek Fm,2.94,-32.8,,
Koehler et al 2019,,shale,sub greenschist,,Mosquito creek Fm,2.94,-32.6,,
"Rasmussen and Buick, 2000",,carbonate,sub greenschist,Gorge Creek,Paddy Market,3.24,-30.9,,
"Rasmussen and Buick, 2000",,shale,sub greenschist,Gorge Creek,Corboy Formation,3.24,-30.86,,
"Rasmussen and Buick, 2000",,breccia,sub greenschist,Sulphur springs,Megabreccia,3.24,-31.19,,
"Rasmussen and Buick, 2000",,chert,sub greenschist,Sulphur springs,Marker Chert,3.24,-33.29,,
"Rasmussen and Buick, 2000",,volcanics,sub greenschist,Sulphur springs,Kangaroo Caves Fm,3.24,-36.86,,